-- phpMyAdmin SQL Dump
-- version 5.2.1
-- https://www.phpmyadmin.net/
--
-- Host: 127.0.0.1
-- Generation Time: Jan 06, 2025 at 10:06 AM
-- Server version: 10.4.32-MariaDB
-- PHP Version: 8.2.12

SET SQL_MODE = "NO_AUTO_VALUE_ON_ZERO";
START TRANSACTION;
SET time_zone = "+00:00";


/*!40101 SET @OLD_CHARACTER_SET_CLIENT=@@CHARACTER_SET_CLIENT */;
/*!40101 SET @OLD_CHARACTER_SET_RESULTS=@@CHARACTER_SET_RESULTS */;
/*!40101 SET @OLD_COLLATION_CONNECTION=@@COLLATION_CONNECTION */;
/*!40101 SET NAMES utf8mb4 */;

--
-- Database: `dlms`
--

-- --------------------------------------------------------

--
-- Table structure for table `bikes`
--

CREATE TABLE `bikes` (
  `id` int(11) NOT NULL,
  `name` varchar(100) NOT NULL,
  `expiry_date` date NOT NULL
) ENGINE=InnoDB DEFAULT CHARSET=utf8mb4 COLLATE=utf8mb4_general_ci;

-- --------------------------------------------------------

--
-- Table structure for table `co_drivers`
--

CREATE TABLE `co_drivers` (
  `id` int(10) UNSIGNED NOT NULL,
  `employee_number` varchar(100) NOT NULL,
  `full_name` varchar(100) NOT NULL,
  `phone_number` varchar(100) NOT NULL,
  `email` varchar(100) NOT NULL
) ENGINE=InnoDB DEFAULT CHARSET=utf8mb4 COLLATE=utf8mb4_general_ci;

--
-- Dumping data for table `co_drivers`
--

INSERT INTO `co_drivers` (`id`, `employee_number`, `full_name`, `phone_number`, `email`) VALUES
(3, 'N/A', 'JOHN THIGA NDUNGU', '07896262622', 'mungai@gmail.com'),
(4, 'N/A', 'ERIC MACHARIA', '0716016555', 'd@gmail.com'),
(5, 'N/A', 'KENNETH GITUMA', '07896262622', 'mungai@gmail.com');

-- --------------------------------------------------------

--
-- Table structure for table `drivers`
--

CREATE TABLE `drivers` (
  `id` int(10) UNSIGNED NOT NULL,
  `full_name` varchar(100) NOT NULL,
  `employee_number` varchar(100) NOT NULL,
  `license_number` int(15) NOT NULL,
  `phone_number` varchar(100) NOT NULL,
  `email` varchar(255) NOT NULL
) ENGINE=InnoDB DEFAULT CHARSET=utf8mb4 COLLATE=utf8mb4_general_ci;

--
-- Dumping data for table `drivers`
--

INSERT INTO `drivers` (`id`, `full_name`, `employee_number`, `license_number`, `phone_number`, `email`) VALUES
(1, 'ERIC MACHARIA', 'N/A', 3162722, '0716016555', 'd@gmail.com'),
(3, 'ERIC MACHARIA', 'DCL322', 3162722, '07896262622', 'petermbuthia112@gmail.com'),
(4, 'DANIEL MOMANYI', 'DCL322', 456789, '07896262622', 'Director@gmail.com');

-- --------------------------------------------------------

--
-- Table structure for table `expenses`
--

CREATE TABLE `expenses` (
  `id` int(11) NOT NULL,
  `trip_id` int(11) NOT NULL,
  `driver_expense` int(11) NOT NULL,
  `co_driver_expense` int(11) NOT NULL,
  `created_at` timestamp NOT NULL DEFAULT current_timestamp()
) ENGINE=InnoDB DEFAULT CHARSET=utf8mb4 COLLATE=utf8mb4_general_ci;

--
-- Dumping data for table `expenses`
--

INSERT INTO `expenses` (`id`, `trip_id`, `driver_expense`, `co_driver_expense`, `created_at`) VALUES
(1, 13, 44, 4, '2024-12-11 06:59:13'),
(2, 14, 55, 5, '2024-12-11 13:01:21'),
(3, 15, 5, 5, '2024-12-11 13:04:12'),
(4, 16, 4543, 454, '2024-12-11 13:58:11');

-- --------------------------------------------------------

--
-- Table structure for table `export_trips`
--

CREATE TABLE `export_trips` (
  `export_id` int(11) NOT NULL,
  `export_date` date NOT NULL,
  `customer_name` varchar(255) NOT NULL,
  `export_day` varchar(50) NOT NULL,
  `proforma` varchar(255) NOT NULL,
  `truck_regno` varchar(50) NOT NULL,
  `truck_no` varchar(50) NOT NULL,
  `destination` varchar(255) NOT NULL,
  `created_at` timestamp NOT NULL DEFAULT current_timestamp()
) ENGINE=InnoDB DEFAULT CHARSET=utf8mb4 COLLATE=utf8mb4_general_ci;

--
-- Dumping data for table `export_trips`
--

INSERT INTO `export_trips` (`export_id`, `export_date`, `customer_name`, `export_day`, `proforma`, `truck_regno`, `truck_no`, `destination`, `created_at`) VALUES
(1, '2024-11-15', 'Test', 'Friday', '1', '1', '1', 'gdg', '2024-11-12 09:19:02'),
(2, '2024-11-15', 'Test', 'Friday', '1', '1', '1', 'gdg', '2024-11-12 09:22:29'),
(3, '2024-11-15', 'Test', '', '1', '1', '1', 'gdg', '2024-11-12 09:22:40'),
(4, '2024-11-18', 'Test', 'Monday', '1', '1', '1', 'gdg', '2024-11-18 12:02:33');

-- --------------------------------------------------------

--
-- Table structure for table `fuel`
--

CREATE TABLE `fuel` (
  `id` int(11) NOT NULL,
  `trip_id` int(11) NOT NULL,
  `fuel_consumed` decimal(10,0) NOT NULL,
  `created_at` datetime NOT NULL
) ENGINE=InnoDB DEFAULT CHARSET=utf8mb4 COLLATE=utf8mb4_general_ci;

--
-- Dumping data for table `fuel`
--

INSERT INTO `fuel` (`id`, `trip_id`, `fuel_consumed`, `created_at`) VALUES
(1, 1, 5, '2024-10-31 14:39:39'),
(2, 3, 44, '2024-10-31 15:00:18'),
(3, 2, 56, '2024-11-06 13:54:41'),
(4, 4, 6876, '2024-11-06 13:57:51'),
(5, 4, 54454, '2024-11-06 14:23:57'),
(6, 5, 800, '2024-11-07 10:24:08'),
(7, 6, 45, '2024-11-07 10:24:58'),
(8, 9, 7645, '2024-11-07 14:57:58'),
(9, 0, 565, '2024-11-13 11:01:22'),
(10, 14, 100, '2024-12-11 18:44:22'),
(11, 16, 100, '2024-12-11 18:44:29'),
(12, 15, 100, '2024-12-11 18:44:38'),
(13, 13, 100, '2024-12-11 18:44:46');

-- --------------------------------------------------------

--
-- Table structure for table `garage`
--

CREATE TABLE `garage` (
  `id` int(11) NOT NULL,
  `issue_description` text NOT NULL,
  `checked_in_at` datetime NOT NULL,
  `checked_out_at` datetime DEFAULT NULL,
  `vehicle_id` int(11) NOT NULL,
  `garage_expense` int(11) DEFAULT NULL
) ENGINE=InnoDB DEFAULT CHARSET=utf8mb4 COLLATE=utf8mb4_general_ci;

--
-- Dumping data for table `garage`
--

INSERT INTO `garage` (`id`, `issue_description`, `checked_in_at`, `checked_out_at`, `vehicle_id`, `garage_expense`) VALUES
(1, 'Engine', '2024-12-11 18:48:53', '2024-12-11 16:50:14', 3, 10000),
(2, 'Engine', '2024-12-11 18:49:36', '2024-12-11 16:50:36', 2, 89000),
(3, 'Tyres', '2024-12-11 18:50:04', '2024-12-11 16:51:00', 1, 89000),
(4, 'Tyres', '2024-12-11 18:50:50', '2024-12-11 16:51:08', 3, 89000),
(5, 'ty', '2024-12-16 09:59:55', '2024-12-16 08:00:16', 3, 500000),
(6, 'try', '2024-12-16 10:00:00', '2024-12-16 08:00:27', 1, 890000),
(7, ',8,', '2024-12-16 10:00:57', '2024-12-16 08:01:10', 3, 890000),
(8, 'gfh', '2024-12-16 10:01:52', '2024-12-16 08:02:07', 3, 1000000),
(9, 'gdg', '2024-12-16 10:02:22', '2024-12-16 08:02:31', 1, 1000000),
(10, 'rtrt', '2024-12-16 12:29:15', '2024-12-16 10:29:37', 1, 34),
(11, 'Check Ups', '2024-12-17 08:27:27', '2024-12-17 06:28:31', 3, 89000),
(12, 'Tyres', '2024-12-17 08:28:46', '2024-12-17 06:28:55', 2, 89000),
(13, 'tyres', '2024-12-17 08:29:09', NULL, 2, NULL),
(14, 'Garage', '2024-12-17 08:29:27', NULL, 1, NULL);

-- --------------------------------------------------------

--
-- Table structure for table `inventorys`
--

CREATE TABLE `inventorys` (
  `id` int(100) NOT NULL,
  `product_description` varchar(100) NOT NULL,
  `stock_code` varchar(100) NOT NULL,
  `product` varchar(100) NOT NULL,
  `unit_of_measure` text NOT NULL,
  `metres` decimal(60,0) NOT NULL,
  `weight_per_metre` decimal(60,0) NOT NULL
) ENGINE=InnoDB DEFAULT CHARSET=utf8mb4 COLLATE=utf8mb4_general_ci;

--
-- Dumping data for table `inventorys`
--

INSERT INTO `inventorys` (`id`, `product_description`, `stock_code`, `product`, `unit_of_measure`, `metres`, `weight_per_metre`) VALUES
(1, '225MM AQUAFLEX PN12.5 - 12M', 'HDPE/AF/180/6/1', 'HDPE', 'Pieces', 5, 45),
(2, '225MM AQUAFLEX PN12.5 - 6M', 'HDPE/AF/180/6/1', 'PPR', 'Pieces', 5, 353),
(3, '225MM AQUAFLEX PN12.5 - 6M', 'HDPE/AF/180/6/1', 'PPR', 'Rolls', 3, 53),
(4, '225MM AQUAFLEX PN12.5 - 12M', 'HDPE/AF/180/6/12', 'PPR', 'Rolls', 22, 22),
(5, '225MM AQUAFLEX PN12.5 - 12M', 'HDPE/AF/180/6/1', 'HDPE', 'Pieces', 34, 43),
(6, '225MM AQUAFLEX PN12.5 - 12M', 'HDPE/AF/180/6/1', 'HDPE', 'Pieces', 34, 43),
(7, '110MM AQUAFLEX PN10 - 11.8M', 'HDPE/AF/225/12.5/12', 'DWC', 'Rolls', 34, 34),
(8, '225MM AQUAFLEX PN12.5 - 12M', 'HDPE/AF/180/6/1', 'DWC', 'Pieces', 3, 3),
(9, '110MM AQUAFLEX PN10 - 11.8M', 'HDPE/AF/180/6/1', 'DWC', 'Pieces', 4, 4),
(10, '225MM AQUAFLEX PN12.5 - 6M', 'HDPE/AF/225/12.5/12', 'DWC', 'Pieces', 5, 5),
(11, '225MM AQUAFLEX PN12.5 - 6M', 'HDPE/AF/225/12.5/12', 'DWC', 'Pieces', 5, 5),
(12, '225MM AQUAFLEX PN12.5 - 6M', '1234', 'HDPE', 'Pieces', 4, 4),
(13, '225MM AQUAFLEX PN12.5 - 6M', '1234', 'HDPE', 'Rolls', 4, 6),
(14, '110MM AQUAFLEX PN10 - 11.8M', 'HDPE/AF/225/12.5/12', 'HDPE', 'Pieces', 4, 4);

-- --------------------------------------------------------

--
-- Table structure for table `load_export`
--

CREATE TABLE `load_export` (
  `id` int(11) NOT NULL,
  `export_id` int(11) NOT NULL,
  `total_weight` decimal(10,2) NOT NULL,
  `created_at` timestamp NOT NULL DEFAULT current_timestamp()
) ENGINE=InnoDB DEFAULT CHARSET=utf8mb4 COLLATE=utf8mb4_general_ci;

--
-- Dumping data for table `load_export`
--

INSERT INTO `load_export` (`id`, `export_id`, `total_weight`, `created_at`) VALUES
(1, 1, 225.00, '2024-11-18 18:31:53'),
(2, 4, 5970.00, '2024-11-18 18:32:47'),
(3, 2, 225.00, '2024-11-18 18:33:38'),
(4, 2, 225.00, '2024-11-18 18:33:42'),
(5, 2, 225.00, '2024-11-18 18:36:00'),
(6, 3, 225.00, '2024-11-18 18:36:13'),
(7, 2, 318.00, '2024-11-18 18:52:30'),
(8, 1, 3530.00, '2024-11-18 18:54:19'),
(9, 2, 225.00, '2024-11-18 18:57:22');

-- --------------------------------------------------------

--
-- Table structure for table `load_export_products`
--

CREATE TABLE `load_export_products` (
  `id` int(11) NOT NULL,
  `load_export_id` int(11) NOT NULL,
  `product_description` varchar(100) NOT NULL,
  `quantity` int(11) NOT NULL,
  `total_weight` decimal(10,0) NOT NULL,
  `created_at` timestamp NOT NULL DEFAULT current_timestamp() ON UPDATE current_timestamp()
) ENGINE=InnoDB DEFAULT CHARSET=utf8mb4 COLLATE=utf8mb4_general_ci;

--
-- Dumping data for table `load_export_products`
--

INSERT INTO `load_export_products` (`id`, `load_export_id`, `product_description`, `quantity`, `total_weight`, `created_at`) VALUES
(1, 1, '225MM AQUAFLEX PN12.5 - 12M, HDPE/AF/180/6/1, HDPE, Pieces, 5, 45', 1, 225, '2024-11-18 18:31:53'),
(2, 2, '225MM AQUAFLEX PN12.5 - 12M, HDPE/AF/180/6/1, HDPE, Pieces, 5, 45', 3, 675, '2024-11-18 18:32:47'),
(3, 2, '225MM AQUAFLEX PN12.5 - 6M, HDPE/AF/180/6/1, PPR, Pieces, 5, 353', 3, 5295, '2024-11-18 18:32:47'),
(4, 3, '225MM AQUAFLEX PN12.5 - 12M, HDPE/AF/180/6/1, HDPE, Pieces, 5, 45', 1, 225, '2024-11-18 18:33:38'),
(5, 4, '225MM AQUAFLEX PN12.5 - 12M, HDPE/AF/180/6/1, HDPE, Pieces, 5, 45', 1, 225, '2024-11-18 18:33:42'),
(6, 5, '225MM AQUAFLEX PN12.5 - 12M, HDPE/AF/180/6/1, HDPE, Pieces, 5, 45', 1, 225, '2024-11-18 18:36:00'),
(7, 6, '225MM AQUAFLEX PN12.5 - 12M, HDPE/AF/180/6/1, HDPE, Pieces, 5, 45', 1, 225, '2024-11-18 18:36:13'),
(8, 7, '225MM AQUAFLEX PN12.5 - 6M, HDPE/AF/180/6/1, PPR, Rolls, 3, 53', 2, 318, '2024-11-18 18:52:30'),
(9, 8, '225MM AQUAFLEX PN12.5 - 6M, HDPE/AF/180/6/1, PPR, Pieces, 5, 353', 2, 3530, '2024-11-18 18:54:19'),
(10, 9, '225MM AQUAFLEX PN12.5 - 12M, HDPE/AF/180/6/1, HDPE, Pieces, 5, 45', 1, 225, '2024-11-18 18:57:22');

-- --------------------------------------------------------

--
-- Table structure for table `load_transfer`
--

CREATE TABLE `load_transfer` (
  `id` int(11) NOT NULL,
  `transfer_id` int(11) NOT NULL,
  `total_weight` decimal(10,2) NOT NULL,
  `created_at` timestamp NOT NULL DEFAULT current_timestamp()
) ENGINE=InnoDB DEFAULT CHARSET=utf8mb4 COLLATE=utf8mb4_general_ci;

--
-- Dumping data for table `load_transfer`
--

INSERT INTO `load_transfer` (`id`, `transfer_id`, `total_weight`, `created_at`) VALUES
(1, 2, 225.00, '2024-11-18 18:44:10'),
(2, 2, 225.00, '2024-11-18 18:46:44'),
(3, 4, 450.00, '2024-11-18 18:48:18'),
(4, 5, 5295.00, '2024-11-19 06:19:40'),
(5, 5, 2420.00, '2024-12-02 06:33:49'),
(6, 11, 37065.00, '2024-12-11 13:19:17');

-- --------------------------------------------------------

--
-- Table structure for table `load_transfer_products`
--

CREATE TABLE `load_transfer_products` (
  `id` int(11) NOT NULL,
  `load_transfer_id` int(11) NOT NULL,
  `product_description` varchar(100) NOT NULL,
  `quantity` int(11) NOT NULL,
  `total_weight` decimal(10,0) NOT NULL,
  `created_at` timestamp NOT NULL DEFAULT current_timestamp() ON UPDATE current_timestamp()
) ENGINE=InnoDB DEFAULT CHARSET=utf8mb4 COLLATE=utf8mb4_general_ci;

--
-- Dumping data for table `load_transfer_products`
--

INSERT INTO `load_transfer_products` (`id`, `load_transfer_id`, `product_description`, `quantity`, `total_weight`, `created_at`) VALUES
(1, 2, '225MM AQUAFLEX PN12.5 - 12M, HDPE/AF/180/6/1, HDPE, Pieces, 5, 45', 1, 225, '2024-11-18 18:46:44'),
(2, 3, '225MM AQUAFLEX PN12.5 - 12M, HDPE/AF/180/6/1, HDPE, Pieces, 5, 45', 2, 450, '2024-11-18 18:48:18'),
(3, 4, '225MM AQUAFLEX PN12.5 - 6M, HDPE/AF/180/6/1, PPR, Pieces, 5, 353', 3, 5295, '2024-11-19 06:19:40'),
(4, 5, '225MM AQUAFLEX PN12.5 - 12M, HDPE/AF/180/6/12, PPR, Rolls, 22, 22', 5, 2420, '2024-12-02 06:33:49'),
(5, 6, '225MM AQUAFLEX PN12.5 - 6M, HDPE/AF/180/6/1, PPR, Pieces, 5, 353', 21, 37065, '2024-12-11 13:19:17');

-- --------------------------------------------------------

--
-- Table structure for table `load_trip`
--

CREATE TABLE `load_trip` (
  `id` int(100) NOT NULL,
  `trip_id` int(100) NOT NULL,
  `total_weight` decimal(65,0) NOT NULL,
  `created_at` timestamp(6) NOT NULL DEFAULT current_timestamp(6)
) ENGINE=InnoDB DEFAULT CHARSET=utf8mb4 COLLATE=utf8mb4_general_ci;

--
-- Dumping data for table `load_trip`
--

INSERT INTO `load_trip` (`id`, `trip_id`, `total_weight`, `created_at`) VALUES
(5, 1, 68952, '2024-10-31 07:25:49.114408'),
(6, 2, 6018, '2024-11-14 07:13:44.385599'),
(7, 5, 6018, '2024-11-18 10:44:20.575326'),
(8, 4, 977, '2024-11-18 10:58:16.638771'),
(9, 3, 768, '2024-11-18 17:59:14.577579'),
(10, 4, 5295, '2024-11-18 17:59:32.835862'),
(11, 4, 120150, '2024-11-18 18:00:38.856009'),
(12, 2, 1765, '2024-11-18 18:16:06.794442');

-- --------------------------------------------------------

--
-- Table structure for table `load_trip_products`
--

CREATE TABLE `load_trip_products` (
  `id` int(11) NOT NULL,
  `load_trip_id` int(11) NOT NULL,
  `product_description` varchar(100) NOT NULL,
  `quantity` int(11) NOT NULL,
  `total_weight` decimal(10,0) NOT NULL,
  `created_at` timestamp NOT NULL DEFAULT current_timestamp()
) ENGINE=InnoDB DEFAULT CHARSET=utf8mb4 COLLATE=utf8mb4_general_ci;

--
-- Dumping data for table `load_trip_products`
--

INSERT INTO `load_trip_products` (`id`, `load_trip_id`, `product_description`, `quantity`, `total_weight`, `created_at`) VALUES
(251, 1, 'PPR/40/16/4', 10, 23, '2024-10-30 08:03:30'),
(252, 1, 'PPR/50/16/4', 10, 36, '2024-10-30 08:03:30'),
(253, 1, 'PPR/25/16/4', 100, 93, '2024-10-30 08:03:30'),
(254, 1, 'PPR/25/20/4', 100, 107, '2024-10-30 08:03:30'),
(255, 1, 'PPR/32/16/4', 50, 74, '2024-10-30 08:03:30'),
(256, 1, 'PPR/32/20/4', 50, 87, '2024-10-30 08:03:30'),
(257, 1, 'PPR/25/16/4', 439, 407, '2024-10-30 08:03:30'),
(258, 1, 'PP/32/16/4', 524, 780, '2024-10-30 08:03:30'),
(259, 1, 'PPR/50/20/4', 20, 84, '2024-10-30 08:03:30'),
(260, 1, 'PPR/32/20/4', 20, 35, '2024-10-30 08:03:30'),
(261, 1, 'PPR/40/20/4', 15, 41, '2024-10-30 08:03:30'),
(262, 2, 'PPR/25/20/4', 500, 536, '2024-10-30 08:03:38'),
(263, 2, 'PPR/32/20/4', 300, 525, '2024-10-30 08:03:38'),
(264, 2, 'PPR/40/20/4', 100, 270, '2024-10-30 08:03:38'),
(265, 2, 'PPR/50/20/4', 100, 419, '2024-10-30 08:03:38'),
(266, 2, 'PPR/25/20/4', 1200, 1287, '2024-10-30 08:03:38'),
(267, 2, 'PPR/25/20/4', 500, 536, '2024-10-30 08:03:38'),
(268, 2, 'PPR/32/20/4', 300, 525, '2024-10-30 08:03:38'),
(269, 2, 'PPR/63/20/4', 50, 210, '2024-10-30 08:03:38'),
(270, 2, 'PPR/25/20/100', 20, 132, '2024-10-30 08:03:38'),
(271, 2, 'PPR/40/20/4', 40, 80, '2024-10-30 08:03:38'),
(272, 2, 'PPR/50/20/4', 50, 108, '2024-10-30 08:03:38'),
(273, 2, 'PPR/32/20/99', 5, 219, '2024-10-30 08:03:38'),
(274, 2, 'PPR/50/16/4', 20, 72, '2024-10-30 08:03:38'),
(275, 2, 'PPR/40/16/4', 50, 116, '2024-10-30 08:03:38'),
(276, 2, 'PPR/32/16/4', 150, 223, '2024-10-30 08:03:38'),
(277, 2, 'PPR/25/20/4', 150, 61, '2024-10-30 08:03:38'),
(278, 2, 'PPR/63/16/4', 10, 56, '2024-10-30 08:03:38'),
(279, 2, 'PPR/50/16/4', 10, 36, '2024-10-30 08:03:38'),
(280, 2, 'PPR/40/16/4', 10, 23, '2024-10-30 08:03:38'),
(281, 2, 'PPR/25/20/4', 500, 536, '2024-10-30 08:03:38'),
(282, 2, 'PPR/25/20/4', 100, 107, '2024-10-30 08:03:38'),
(283, 2, 'PPR/32/20/4', 50, 175, '2024-10-30 08:03:38'),
(284, 2, 'PPR/40/20/4', 30, 81, '2024-10-30 08:03:38'),
(285, 2, 'PPR/63/20/4', 30, 199, '2024-10-30 08:03:38'),
(286, 2, 'HDPE/32/6/100', 3, 48, '2024-10-30 08:03:38'),
(287, 2, 'PPR/40/20/4', 50, 135, '2024-10-30 08:03:38'),
(288, 2, 'PPR/63/20/4', 50, 331, '2024-10-30 08:03:38'),
(289, 2, 'PPR/40/20/4', 40, 108, '2024-10-30 08:03:38'),
(290, 2, 'PPR/32/20/4', 150, 262, '2024-10-30 08:03:38'),
(291, 2, 'PPR/25/20/4', 150, 161, '2024-10-30 08:03:38'),
(292, 2, 'PPR/40/20/4', 50, 135, '2024-10-30 08:03:38'),
(293, 2, 'PPR/24/20/100', 3, 80, '2024-10-30 08:03:38'),
(294, 2, 'HDPE/25/8/100', 31, 279, '2024-10-30 08:03:38'),
(295, 2, 'PPR/25/20/4', 50, 54, '2024-10-30 08:03:38'),
(296, 2, 'PPR/63/20/4', 10, 66, '2024-10-30 08:03:38'),
(297, 2, 'PPR/32/20/4', 10, 17, '2024-10-30 08:03:38'),
(298, 2, 'PPR/25/20/4', 800, 858, '2024-10-30 08:03:38'),
(299, 2, 'HDPE/25/12.5/0.4', 2250, 135, '2024-10-30 08:03:38'),
(300, 2, 'PPR/25/20/4', 100, 107, '2024-10-30 08:03:38'),
(301, 2, 'PPR/32/20/4', 35, 61, '2024-10-30 08:03:38'),
(302, 2, 'PPR/50/16/4', 10, 36, '2024-10-30 08:03:38'),
(303, 2, 'PPR/25/16/4', 25, 23, '2024-10-30 08:03:38'),
(304, 2, 'PPR/25/20/4', 50, 54, '2024-10-30 08:03:38'),
(305, 2, 'PPR/32/20/4', 20, 35, '2024-10-30 08:03:38'),
(306, 2, 'PPR/40/16/4', 10, 23, '2024-10-30 08:03:38'),
(307, 2, 'PPR/25/20/4', 10, 268, '2024-10-30 08:03:38'),
(308, 2, 'PPR/32/20/4', 6, 262, '2024-10-30 08:03:38'),
(309, 2, 'PPR/32/20/4', 50, 87, '2024-10-30 08:03:38'),
(310, 2, 'PPR/25/20/4', 50, 54, '2024-10-30 08:03:38'),
(311, 2, 'HDPE/40/12.5/100', 4, 144, '2024-10-30 08:03:38'),
(312, 2, 'HDPE/25/12.5/0.4', 4800, 720, '2024-10-30 08:03:38'),
(313, 2, 'PPR/25/20/4', 200, 214, '2024-10-30 08:03:38'),
(314, 2, 'PPR/63/16/4', 4, 23, '2024-10-30 08:03:38'),
(315, 2, 'PPR/25/20/4', 10, 11, '2024-10-30 08:03:38'),
(316, 2, 'PPR/25/16/4', 50, 46, '2024-10-30 08:03:38'),
(317, 2, 'PPR/25/20/4', 50, 54, '2024-10-30 08:03:38'),
(318, 2, 'PPR/32/16/4', 70, 104, '2024-10-30 08:03:38'),
(319, 2, 'PPR/25/20/4', 300, 322, '2024-10-30 08:03:38'),
(320, 2, 'PPR/25/20/4', 300, 322, '2024-10-30 08:03:38'),
(321, 2, 'PPR/32/20/4', 200, 350, '2024-10-30 08:03:38'),
(322, 2, 'PPR/25/20/4', 200, 214, '2024-10-30 08:03:38'),
(323, 2, 'PPR/32/20/4', 50, 87, '2024-10-30 08:03:38'),
(324, 2, 'HDPE/25/16/100', 3, 51, '2024-10-30 08:03:38'),
(325, 2, 'HDPE/32/16/100', 3, 84, '2024-10-30 08:03:38'),
(326, 2, 'HDPE/32/12.5/100', 9, 207, '2024-10-30 08:03:38'),
(327, 2, 'HDPE/25/12.5/0.4', 17, 255, '2024-10-30 08:03:38'),
(328, 2, 'PPR/32/20/4', 300, 525, '2024-10-30 08:03:38'),
(329, 2, 'PPR/50/20/4', 20, 84, '2024-10-30 08:03:38'),
(330, 2, 'PPR/25/20/4', 600, 643, '2024-10-30 08:03:38'),
(331, 2, 'PPR/50/20/4', 30, 126, '2024-10-30 08:03:38'),
(332, 2, 'PPR/75/20/4', 30, 282, '2024-10-30 08:03:38'),
(333, 2, 'PPR/75/20/4', 33, 339, '2024-10-30 08:03:38'),
(334, 2, 'HDPE/25/8/100', 2, 18, '2024-10-30 08:03:38'),
(335, 2, 'PPR/32/16/4', 200, 298, '2024-10-30 08:03:38'),
(336, 2, 'PPR/25/20/100', 4, 107, '2024-10-30 08:03:38'),
(337, 2, 'PPR/25/20/100', 10, 46, '2024-10-30 08:03:38'),
(338, 2, 'PPR/25/16/4', 50, 268, '2024-10-30 08:03:38'),
(339, 2, 'PPR/25/20/4', 400, 429, '2024-10-30 08:03:38'),
(340, 2, 'PPR/50/20/4', 50, 135, '2024-10-30 08:03:38'),
(341, 2, 'PPR/40/20/4', 50, 210, '2024-10-30 08:03:38'),
(342, 2, 'PPR/40/20/100', 5, 338, '2024-10-30 08:03:38'),
(343, 2, 'PPR/25/20/4', 469, 503, '2024-10-30 08:03:38'),
(344, 2, 'PPR/25/20/100', 10, 268, '2024-10-30 08:03:38'),
(345, 2, 'PPR/32/20/100', 21, 918, '2024-10-30 08:03:38'),
(346, 2, 'PPR/20/20/4', 447, 311, '2024-10-30 08:03:38'),
(347, 2, 'PPR/25/20/4', 1000, 1072, '2024-10-30 08:03:38'),
(348, 2, 'PPR/25/20/4', 500, 536, '2024-10-30 08:03:38'),
(349, 2, 'PPR/25/20/4', 100, 107, '2024-10-30 08:03:38'),
(350, 2, 'PPR/32/16/4', 100, 149, '2024-10-30 08:03:38'),
(351, 2, 'PPR/25/20/4', 500, 536, '2024-10-30 08:03:38'),
(352, 2, 'PPR/25/20/4', 500, 536, '2024-10-30 08:03:38'),
(353, 2, 'PPR/63/20/4', 50, 331, '2024-10-30 08:03:38'),
(354, 2, 'PPR/25/20/4', 400, 429, '2024-10-30 08:03:38'),
(355, 2, 'PPR/25/16/4', 500, 464, '2024-10-30 08:03:38'),
(356, 2, 'PPR/25/20/4', 200, 214, '2024-10-30 08:03:38'),
(357, 2, 'PPR/32/16/4', 80, 119, '2024-10-30 08:03:38'),
(358, 2, 'PPR/40/16/4', 5, 18, '2024-10-30 08:03:38'),
(359, 2, 'PPR/50/16/4', 5, 11, '2024-10-30 08:03:38'),
(360, 2, 'PPR/63/16/4', 2, 21, '2024-10-30 08:03:38'),
(361, 2, 'PPR/25/16/4', 55, 51, '2024-10-30 08:03:38'),
(362, 2, 'PPR/20/16/4', 10, 6, '2024-10-30 08:03:38'),
(363, 2, 'HDPE/20/6/100', 6, 46, '2024-10-30 08:03:38'),
(364, 2, 'PPR/25/20/4', 200, 214, '2024-10-30 08:03:38'),
(365, 2, 'PPR/25/20/100', 15, 402, '2024-10-30 08:03:38'),
(366, 2, 'PPR/25/20/4', 200, 214, '2024-10-30 08:03:38'),
(367, 2, 'PPR/25/16/4', 100, 93, '2024-10-30 08:03:38'),
(368, 2, 'PPR/25/20/4', 100, 107, '2024-10-30 08:03:38'),
(369, 2, 'PPR/20/20/4', 50, 35, '2024-10-30 08:03:38'),
(370, 2, 'PPR/20/20/100', 3, 52, '2024-10-30 08:03:38'),
(371, 2, 'PPR/25/20/100', 3, 80, '2024-10-30 08:03:38'),
(372, 2, 'PPR/25/20/4', 200, 214, '2024-10-30 08:03:38'),
(373, 2, 'PPR/32/20/4', 100, 175, '2024-10-30 08:03:38'),
(374, 2, 'PPR/32/20/4', 80, 35, '2024-10-30 08:03:38'),
(375, 2, 'PPR/40/16/4', 20, 46, '2024-10-30 08:03:38'),
(376, 2, 'PPR/25/16/4', 50, 46, '2024-10-30 08:03:38'),
(377, 2, 'PPR/32/16/100', 12, 447, '2024-10-30 08:03:38'),
(378, 2, 'PPR/25/16/100', 12, 278, '2024-10-30 08:03:38'),
(379, 2, 'PPR/40/16/4', 20, 46, '2024-10-30 08:03:38'),
(380, 2, 'PPR/25/20/4', 80, 86, '2024-10-30 08:03:38'),
(381, 2, 'PPR/25/16/4', 500, 464, '2024-10-30 08:03:38'),
(382, 2, 'PPR/32/16/4', 100, 149, '2024-10-30 08:03:38'),
(383, 2, 'HDPE/25/16/100', 20, 340, '2024-10-30 08:03:38'),
(384, 2, 'HDPE/32/16/100', 5, 140, '2024-10-30 08:03:38'),
(385, 2, 'PPR/32/20/4', 500, 874, '2024-10-30 08:03:38'),
(386, 2, 'PPR/32/20/100', 5, 219, '2024-10-30 08:03:38'),
(387, 2, 'PPR/25/20/100', 5, 134, '2024-10-30 08:03:38'),
(388, 2, 'PPR/25/20/100', 1, 27, '2024-10-30 08:03:38'),
(389, 2, 'PPR/20/20/4', 50, 35, '2024-10-30 08:03:38'),
(390, 2, 'PPR/25/20/100', 10, 268, '2024-10-30 08:03:38'),
(391, 2, 'PPR/25/20/4', 300, 322, '2024-10-30 08:03:38'),
(392, 2, 'PPR/32/20/100', 5, 219, '2024-10-30 08:03:38'),
(393, 2, 'PPR/20/20/100', 3, 52, '2024-10-30 08:03:38'),
(394, 2, 'PPR/25/20/100', 3, 80, '2024-10-30 08:03:38'),
(395, 2, 'PPR/25/20/4', 400, 429, '2024-10-30 08:03:38'),
(396, 2, 'PPR/25/20/4', 800, 858, '2024-10-30 08:03:38'),
(397, 2, 'PPR/32/20/100', 10, 437, '2024-10-30 08:03:38'),
(398, 2, 'PPR/20/20/100', 8, 139, '2024-10-30 08:03:38'),
(399, 2, 'PPR/25/20/4', 300, 322, '2024-10-30 08:03:38'),
(400, 2, 'PPR/25/20/4', 100, 107, '2024-10-30 08:03:38'),
(401, 2, 'PPR/32/20/4', 100, 175, '2024-10-30 08:03:39'),
(402, 2, 'PPR/25/16/4', 100, 93, '2024-10-30 08:03:39'),
(403, 2, 'PPR/32/16/4', 20, 30, '2024-10-30 08:03:39'),
(404, 2, 'HDPE/25/12.5/0.4', 5140, 771, '2024-10-30 08:03:39'),
(405, 2, 'HDPE/32/16/100', 1, 28, '2024-10-30 08:03:39'),
(406, 2, 'PPR/25/20/4', 100, 107, '2024-10-30 08:03:39'),
(407, 2, 'PPR/32/20/4', 30, 52, '2024-10-30 08:03:39'),
(408, 2, 'PR/32/20/4', 200, 350, '2024-10-30 08:03:39'),
(409, 2, 'PPR/25/20/4', 600, 643, '2024-10-30 08:03:39'),
(410, 2, 'PPR/40/20/4', 40, 108, '2024-10-30 08:03:39'),
(411, 2, 'PPR/25/16/4', 40, 37, '2024-10-30 08:03:39'),
(412, 2, 'PPR/32/16/4', 10, 14, '2024-10-30 08:03:39'),
(413, 2, 'PPR/25/20/4', 100, 107, '2024-10-30 08:03:39'),
(414, 2, 'HDPE/90/10/1', 5, 7, '2024-10-30 08:03:39'),
(415, 2, 'PPR/32/20/4', 200, 350, '2024-10-30 08:03:39'),
(416, 2, 'PPR/25/20/4', 400, 429, '2024-10-30 08:03:39'),
(417, 2, 'PPR/25/16/4', 1214, 1127, '2024-10-30 08:03:39'),
(418, 2, 'PPR/25/16/4', 324, 301, '2024-10-30 08:03:39'),
(419, 2, 'PPR/32/16/4', 502, 747, '2024-10-30 08:03:39'),
(420, 2, 'PPR/40/20/4', 50, 135, '2024-10-30 08:03:39'),
(421, 2, 'PPR/32/20/100', 4, 175, '2024-10-30 08:03:39'),
(422, 2, 'HDPE/63/16/100', 3, 318, '2024-10-30 08:03:39'),
(423, 2, 'HDPE/32/8/100', 2, 32, '2024-10-30 08:03:39'),
(424, 2, 'HDPE/32/8/100', 6, 96, '2024-10-30 08:03:39'),
(425, 2, 'HDPE/32/16/100', 20, 560, '2024-10-30 08:03:39'),
(426, 2, 'HDPE/63/10/100', 3, 216, '2024-10-30 08:03:39'),
(427, 2, 'HDPE/63/10/1', 170, 122, '2024-10-30 08:03:39'),
(428, 2, 'PPR/32/16/100', 12, 447, '2024-10-30 08:03:39'),
(429, 2, 'PPR/25/16/100', 12, 279, '2024-10-30 08:03:39'),
(430, 2, 'HDPE/50/10/100', 2, 90, '2024-10-30 08:03:39'),
(431, 2, 'HDPE/40/16/100', 2, 86, '2024-10-30 08:03:39'),
(432, 2, 'PPR/25/16/4', 1117, 1037, '2024-10-30 08:03:39'),
(433, 2, 'PPR/25/20/4', 500, 751, '2024-10-30 08:03:39'),
(434, 2, 'PPR/32/16/4', 14, 25, '2024-10-30 08:03:39'),
(435, 2, 'PPR/25/16/4', 20, 22, '2024-10-30 08:03:39'),
(436, 2, 'PPR/25/20/4', 45, 49, '2024-10-30 08:03:39'),
(437, 2, 'PPR/32/20/4', 15, 27, '2024-10-30 08:03:39'),
(438, 2, 'PPR/40/20/4', 15, 41, '2024-10-30 08:03:39'),
(439, 2, 'PPR/25/20/4', 600, 644, '2024-10-30 08:03:39'),
(440, 2, 'PPR/25/20/100', 14, 946, '2024-10-30 08:03:39'),
(441, 2, 'HDPE/32/8/100', 5, 80, '2024-10-30 08:03:39'),
(442, 2, 'PPR/32/16/100', 10, 372, '2024-10-30 08:03:39'),
(443, 2, 'PPR/25/20/4', 50, 54, '2024-10-30 08:03:39'),
(444, 2, 'PPR/20/20/4', 100, 70, '2024-10-30 08:03:39'),
(445, 2, 'PPR/25/20/4', 50, 54, '2024-10-30 08:03:39'),
(446, 2, 'PPR/32/20/4', 50, 87, '2024-10-30 08:03:39'),
(447, 2, 'PPR/50/16/4', 10, 36, '2024-10-30 08:03:39'),
(448, 2, 'PPR/40/16/4', 20, 46, '2024-10-30 08:03:39'),
(449, 2, 'PPR/32/20/4', 25, 44, '2024-10-30 08:03:39'),
(450, 2, 'PPR/32/16/4', 25, 37, '2024-10-30 08:03:39'),
(451, 2, 'PPR/25/16/4', 75, 70, '2024-10-30 08:03:39'),
(452, 2, 'PPR/25/20/4', 150, 161, '2024-10-30 08:03:39'),
(453, 2, 'PPR/25/16/4', 30, 28, '2024-10-30 08:03:39'),
(454, 2, 'PPR/32/20/100', 1, 44, '2024-10-30 08:03:39'),
(455, 2, 'PPR/25/20/4', 300, 322, '2024-10-30 08:03:39'),
(456, 2, 'PPR/25/20/4', 100, 107, '2024-10-30 08:03:39'),
(457, 2, 'PPR/32/20/4', 50, 87, '2024-10-30 08:03:39'),
(458, 2, 'HDPE/63/10/100', 1, 72, '2024-10-30 08:03:39'),
(459, 2, 'HDPE/40/10/100', 3, 87, '2024-10-30 08:03:39'),
(460, 2, 'HDPE/32/10/100', 7, 133, '2024-10-30 08:03:39'),
(461, 2, 'HDPE/40/10/100', 1, 29, '2024-10-30 08:03:39'),
(462, 2, 'PPR/25/20/100', 7, 188, '2024-10-30 08:03:39'),
(463, 2, 'PPR/20/20/4', 100, 70, '2024-10-30 08:03:39'),
(464, 2, 'PPR/25/20/4', 50, 54, '2024-10-30 08:03:39'),
(465, 2, 'HDPE/25/12.5/0.4', 3300, 495, '2024-10-30 08:03:39'),
(466, 2, 'HDPE/40/10/100', 1, 29, '2024-10-30 08:03:39'),
(467, 2, 'PPR/25/20/4', 75, 80, '2024-10-30 08:03:39'),
(468, 2, 'HDPE/32/16/1', 1200, 336, '2024-10-30 08:03:39'),
(469, 2, 'HDPE/40/10/100', 2, 58, '2024-10-30 08:03:39'),
(470, 2, 'PPR/32/16/100', 3, 112, '2024-10-30 08:03:39'),
(471, 2, 'PPR/32/20/4', 30, 52, '2024-10-30 08:03:39'),
(472, 2, 'PPR/25/20/4', 50, 54, '2024-10-30 08:03:39'),
(473, 2, 'PPR/20/20/4', 50, 35, '2024-10-30 08:03:39'),
(474, 2, 'PPR/25/20/100', 6, 161, '2024-10-30 08:03:39'),
(475, 2, 'PPR/25/20/4', 50, 54, '2024-10-30 08:03:39'),
(476, 2, 'PPR/20/20/4', 25, 17, '2024-10-30 08:03:39'),
(477, 2, 'PPR/25/16/4', 838, 778, '2024-10-30 08:03:39'),
(478, 2, 'PPR/25/20/4', 100, 107, '2024-10-30 08:03:39'),
(479, 2, 'PPR/32/20/4', 30, 52, '2024-10-30 08:03:39'),
(480, 2, 'PPR/32/16/100', 3, 112, '2024-10-30 08:03:39'),
(481, 2, 'PPR/20/16/4', 150, 90, '2024-10-30 08:03:39'),
(482, 2, 'PPR/25/16/4', 100, 93, '2024-10-30 08:03:39'),
(483, 2, 'PPR/40/16/4', 73, 169, '2024-10-30 08:03:39'),
(484, 2, 'PPR/50/16/4', 86, 310, '2024-10-30 08:03:39'),
(485, 2, 'HDPE/25/12.5/0.4', 5000, 300, '2024-10-30 08:03:39'),
(486, 2, 'PPR/32/20/100', 6, 262, '2024-10-30 08:03:39'),
(487, 2, 'PPR/25/20/100', 8, 214, '2024-10-30 08:03:39'),
(488, 2, 'DWC/200/4/6', 15, 180, '2024-10-30 08:03:39'),
(489, 2, 'HDPE/32/12.5/100', 10, 230, '2024-10-30 08:03:39'),
(490, 2, 'PPR/20/16/4', 1000, 597, '2024-10-30 08:03:39'),
(491, 2, 'PPR/25/16/4', 300, 278, '2024-10-30 08:03:39'),
(492, 2, 'PPR/32/16/4', 200, 298, '2024-10-30 08:03:39'),
(493, 2, 'PPR/25/16/4', 120, 111, '2024-10-30 08:03:39'),
(494, 2, 'PPR/25/16/4', 20, 64, '2024-10-30 08:03:39'),
(495, 2, 'PPR/32/16/4', 30, 45, '2024-10-30 08:03:39'),
(496, 2, 'PPR/25/20/4', 54, 58, '2024-10-30 08:03:39'),
(497, 2, 'PPR/25/16/4', 1525, 1415, '2024-10-30 08:03:39'),
(498, 2, 'HDPE/25/12.5/100', 6, 72, '2024-10-30 08:03:39'),
(499, 2, 'PPR/25/20/4', 50, 54, '2024-10-30 08:03:39'),
(500, 2, 'PPR/25/16/4', 300, 278, '2024-10-30 08:03:39'),
(501, 2, 'PPR/25/20/4', 100, 107, '2024-10-30 08:03:39'),
(502, 2, 'PPR/25/16/4', 100, 93, '2024-10-30 08:03:39'),
(503, 2, 'PPR/25/20/4', 110, 118, '2024-10-30 08:03:39'),
(504, 2, 'PPR/32/20/4', 10, 17, '2024-10-30 08:03:39'),
(505, 2, 'PPR/40/20/4', 4, 11, '2024-10-30 08:03:39'),
(506, 2, 'PPR/25/20/4', 100, 107, '2024-10-30 08:03:39'),
(507, 2, 'PPR/32/20/4', 5, 219, '2024-10-30 08:03:39'),
(508, 2, 'PPR/32/20/4', 25, 180, '2024-10-30 08:03:39'),
(509, 2, 'DWC/200/4/6', 15, 44, '2024-10-30 08:03:39'),
(510, 2, 'PPR/25/16/4', 200, 186, '2024-10-30 08:03:39'),
(511, 2, 'PPR/25/20/4', 200, 214, '2024-10-30 08:03:39'),
(512, 2, 'PPR/40/16/4', 10, 23, '2024-10-30 08:03:39'),
(513, 2, 'PPR/50/16/4', 10, 36, '2024-10-30 08:03:39'),
(514, 2, 'PPR/25/16/4', 100, 93, '2024-10-30 08:03:39'),
(515, 2, 'PPR/25/20/4', 100, 107, '2024-10-30 08:03:39'),
(516, 2, 'PPR/32/16/4', 50, 74, '2024-10-30 08:03:39'),
(517, 2, 'PPR/32/20/4', 50, 87, '2024-10-30 08:03:39'),
(518, 2, 'PPR/25/16/4', 439, 407, '2024-10-30 08:03:39'),
(519, 2, 'PP/32/16/4', 524, 780, '2024-10-30 08:03:39'),
(520, 2, 'PPR/50/20/4', 20, 84, '2024-10-30 08:03:39'),
(521, 2, 'PPR/32/20/4', 20, 35, '2024-10-30 08:03:39'),
(522, 2, 'PPR/40/20/4', 15, 41, '2024-10-30 08:03:39'),
(523, 3, 'HDPE/32/26/1', 3500, 805, '2024-10-31 07:24:38'),
(524, 3, 'HDPE/110/10/1', 200, 436, '2024-10-31 07:24:38'),
(525, 3, 'HDPE/32/12.5/1', 12500, 2875, '2024-10-31 07:24:38'),
(526, 3, 'HDPE/160/10/12', 76, 4159, '2024-10-31 07:24:38'),
(527, 3, 'HDPE/160/10/12', 2, 9, '2024-10-31 07:24:38'),
(528, 3, 'HDPE/90/10/100', 18, 2646, '2024-10-31 07:24:38'),
(529, 3, 'HDPE/63/10/100', 5, 360, '2024-10-31 07:24:38'),
(530, 3, 'HDPE/50/10/100', 20, 900, '2024-10-31 07:24:38'),
(531, 3, 'HDPE/110/12.5/50', 28, 3696, '2024-10-31 07:24:38'),
(532, 3, 'HDPE/110/16/50', 8, 1268, '2024-10-31 07:24:38'),
(533, 3, 'HDPE/110/12.5/50', 20, 2640, '2024-10-31 07:24:38'),
(534, 3, 'HDPE/200/10/12', 100, 8532, '2024-10-31 07:24:38'),
(535, 3, 'HDPE/200/10/12', 69, 5887, '2024-10-31 07:24:38'),
(536, 3, 'HDPE/90/10/1', 150, 221, '2024-10-31 07:24:38'),
(537, 3, 'HDPE/160/10/12', 84, 4596, '2024-10-31 07:24:38'),
(538, 3, 'HDPE/32/12.5/1', 2000, 460, '2024-10-31 07:24:38'),
(539, 3, 'HDPE/25/10/100', 10, 120, '2024-10-31 07:24:38'),
(540, 3, 'PPR/32/20/4', 20, 35, '2024-10-31 07:24:38'),
(541, 3, 'DWC/400/8/6', 19, 958, '2024-10-31 07:24:38'),
(542, 3, 'HDPE/710/10/11.8', 9, 9450, '2024-10-31 07:24:38'),
(543, 3, 'HDPE/710/10/11.8', 9, 9450, '2024-10-31 07:24:38'),
(544, 3, 'HDPE/710/10/11.8', 9, 9450, '2024-10-31 07:24:38'),
(545, 4, 'HDPE/32/26/1', 3500, 805, '2024-10-31 07:24:43'),
(546, 4, 'HDPE/110/10/1', 200, 436, '2024-10-31 07:24:43'),
(547, 4, 'HDPE/32/12.5/1', 12500, 2875, '2024-10-31 07:24:43'),
(548, 4, 'HDPE/160/10/12', 76, 4159, '2024-10-31 07:24:43'),
(549, 4, 'HDPE/160/10/12', 2, 9, '2024-10-31 07:24:43'),
(550, 4, 'HDPE/90/10/100', 18, 2646, '2024-10-31 07:24:43'),
(551, 4, 'HDPE/63/10/100', 5, 360, '2024-10-31 07:24:43'),
(552, 4, 'HDPE/50/10/100', 20, 900, '2024-10-31 07:24:43'),
(553, 4, 'HDPE/110/12.5/50', 28, 3696, '2024-10-31 07:24:43'),
(554, 4, 'HDPE/110/16/50', 8, 1268, '2024-10-31 07:24:43'),
(555, 4, 'HDPE/110/12.5/50', 20, 2640, '2024-10-31 07:24:43'),
(556, 4, 'HDPE/200/10/12', 100, 8532, '2024-10-31 07:24:43'),
(557, 4, 'HDPE/200/10/12', 69, 5887, '2024-10-31 07:24:43'),
(558, 4, 'HDPE/90/10/1', 150, 221, '2024-10-31 07:24:43'),
(559, 4, 'HDPE/160/10/12', 84, 4596, '2024-10-31 07:24:43'),
(560, 4, 'HDPE/32/12.5/1', 2000, 460, '2024-10-31 07:24:43'),
(561, 4, 'HDPE/25/10/100', 10, 120, '2024-10-31 07:24:43'),
(562, 4, 'PPR/32/20/4', 20, 35, '2024-10-31 07:24:43'),
(563, 4, 'DWC/400/8/6', 19, 958, '2024-10-31 07:24:43'),
(564, 4, 'HDPE/710/10/11.8', 9, 9450, '2024-10-31 07:24:43'),
(565, 4, 'HDPE/710/10/11.8', 9, 9450, '2024-10-31 07:24:43'),
(566, 4, 'HDPE/710/10/11.8', 9, 9450, '2024-10-31 07:24:43'),
(567, 5, 'HDPE/32/26/1', 3500, 805, '2024-10-31 07:25:49'),
(568, 5, 'HDPE/110/10/1', 200, 436, '2024-10-31 07:25:49'),
(569, 5, 'HDPE/32/12.5/1', 12500, 2875, '2024-10-31 07:25:49'),
(570, 5, 'HDPE/160/10/12', 76, 4159, '2024-10-31 07:25:49'),
(571, 5, 'HDPE/160/10/12', 2, 9, '2024-10-31 07:25:49'),
(572, 5, 'HDPE/90/10/100', 18, 2646, '2024-10-31 07:25:49'),
(573, 5, 'HDPE/63/10/100', 5, 360, '2024-10-31 07:25:49'),
(574, 5, 'HDPE/50/10/100', 20, 900, '2024-10-31 07:25:49'),
(575, 5, 'HDPE/110/12.5/50', 28, 3696, '2024-10-31 07:25:49'),
(576, 5, 'HDPE/110/16/50', 8, 1268, '2024-10-31 07:25:49'),
(577, 5, 'HDPE/110/12.5/50', 20, 2640, '2024-10-31 07:25:49'),
(578, 5, 'HDPE/200/10/12', 100, 8532, '2024-10-31 07:25:49'),
(579, 5, 'HDPE/200/10/12', 69, 5887, '2024-10-31 07:25:49'),
(580, 5, 'HDPE/90/10/1', 150, 221, '2024-10-31 07:25:49'),
(581, 5, 'HDPE/160/10/12', 84, 4596, '2024-10-31 07:25:49'),
(582, 5, 'HDPE/32/12.5/1', 2000, 460, '2024-10-31 07:25:49'),
(583, 5, 'HDPE/25/10/100', 10, 120, '2024-10-31 07:25:49'),
(584, 5, 'PPR/32/20/4', 20, 35, '2024-10-31 07:25:49'),
(585, 5, 'DWC/400/8/6', 19, 958, '2024-10-31 07:25:49'),
(586, 5, 'HDPE/710/10/11.8', 9, 9450, '2024-10-31 07:25:49'),
(587, 5, 'HDPE/710/10/11.8', 9, 9450, '2024-10-31 07:25:49'),
(588, 5, 'HDPE/710/10/11.8', 9, 9450, '2024-10-31 07:25:49'),
(589, 6, 'PPR/63/20/4', 20, 132, '2024-11-14 07:13:44'),
(590, 6, 'HDPE/32/16/100', 20, 560, '2024-11-14 07:13:44'),
(591, 6, 'PPR/25/16/4', 300, 278, '2024-11-14 07:13:44'),
(592, 6, 'PPR/40/16/4', 30, 69, '2024-11-14 07:13:44'),
(593, 6, 'PPR/50/16/4', 20, 72, '2024-11-14 07:13:44'),
(594, 6, 'PPR/63/16/4', 20, 113, '2024-11-14 07:13:44'),
(595, 6, 'PPR/32/20/4', 500, 874, '2024-11-14 07:13:44'),
(596, 6, 'PPR/32/20/4', 5, 219, '2024-11-14 07:13:44'),
(597, 6, 'PPR/25/20/100', 5, 134, '2024-11-14 07:13:44'),
(598, 6, 'PPR/40/20/4', 20, 54, '2024-11-14 07:13:44'),
(599, 6, 'PPR/50/20/4', 15, 63, '2024-11-14 07:13:44'),
(600, 6, 'PPR/63/20/4', 100, 662, '2024-11-14 07:13:44'),
(601, 6, 'PPR/25/20/4', 600, 643, '2024-11-14 07:13:44'),
(602, 6, 'PPR/50/16/4', 20, 72, '2024-11-14 07:13:44'),
(603, 6, ' PPR/25/16/4', 700, 650, '2024-11-14 07:13:44'),
(604, 6, 'PPR/32/16/4', 200, 298, '2024-11-14 07:13:44'),
(605, 6, 'PPR/40/16/4', 5, 12, '2024-11-14 07:13:44'),
(606, 6, 'PPR/50/16/4', 5, 18, '2024-11-14 07:13:44'),
(607, 6, 'PPR/25/20/4', 200, 214, '2024-11-14 07:13:44'),
(608, 6, 'PPR/32/20/100', 5, 219, '2024-11-14 07:13:44'),
(609, 6, 'PPR/32/20/4', 100, 175, '2024-11-14 07:13:44'),
(610, 6, 'PPR/25/16/4', 500, 464, '2024-11-14 07:13:44'),
(611, 6, 'PPR/25/16/100', 1, 23, '2024-11-14 07:13:44'),
(612, 7, 'PPR/63/20/4', 20, 132, '2024-11-18 10:44:20'),
(613, 7, 'HDPE/32/16/100', 20, 560, '2024-11-18 10:44:20'),
(614, 7, 'PPR/25/16/4', 300, 278, '2024-11-18 10:44:20'),
(615, 7, 'PPR/40/16/4', 30, 69, '2024-11-18 10:44:20'),
(616, 7, 'PPR/50/16/4', 20, 72, '2024-11-18 10:44:20'),
(617, 7, 'PPR/63/16/4', 20, 113, '2024-11-18 10:44:20'),
(618, 7, 'PPR/32/20/4', 500, 874, '2024-11-18 10:44:20'),
(619, 7, 'PPR/32/20/4', 5, 219, '2024-11-18 10:44:20'),
(620, 7, 'PPR/25/20/100', 5, 134, '2024-11-18 10:44:20'),
(621, 7, 'PPR/40/20/4', 20, 54, '2024-11-18 10:44:20'),
(622, 7, 'PPR/50/20/4', 15, 63, '2024-11-18 10:44:20'),
(623, 7, 'PPR/63/20/4', 100, 662, '2024-11-18 10:44:20'),
(624, 7, 'PPR/25/20/4', 600, 643, '2024-11-18 10:44:20'),
(625, 7, 'PPR/50/16/4', 20, 72, '2024-11-18 10:44:20'),
(626, 7, ' PPR/25/16/4', 700, 650, '2024-11-18 10:44:20'),
(627, 7, 'PPR/32/16/4', 200, 298, '2024-11-18 10:44:20'),
(628, 7, 'PPR/40/16/4', 5, 12, '2024-11-18 10:44:20'),
(629, 7, 'PPR/50/16/4', 5, 18, '2024-11-18 10:44:20'),
(630, 7, 'PPR/25/20/4', 200, 214, '2024-11-18 10:44:20'),
(631, 7, 'PPR/32/20/100', 5, 219, '2024-11-18 10:44:20'),
(632, 7, 'PPR/32/20/4', 100, 175, '2024-11-18 10:44:20'),
(633, 7, 'PPR/25/16/4', 500, 464, '2024-11-18 10:44:20'),
(634, 7, 'PPR/25/16/100', 1, 23, '2024-11-18 10:44:20'),
(635, 8, 'PPR/25/16/4', 30, 28, '2024-11-18 10:58:16'),
(636, 8, 'DWC/150/8/6', 4, 34, '2024-11-18 10:58:16'),
(637, 8, 'HDPE/50/10/100', 1, 45, '2024-11-18 10:58:16'),
(638, 8, 'PPR/25/20/4', 40, 43, '2024-11-18 10:58:16'),
(639, 8, 'PPR/32/20/4', 10, 17, '2024-11-18 10:58:16'),
(640, 8, 'PPR/50/20/4', 2, 8, '2024-11-18 10:58:16'),
(641, 8, 'PPR/25/16/4', 10, 9, '2024-11-18 10:58:16'),
(642, 8, 'PPR/32/16/100', 1, 1, '2024-11-18 10:58:16'),
(643, 8, 'HDPE/25/10/100', 1, 12, '2024-11-18 10:58:16'),
(644, 8, 'PPR/25/16/4', 80, 74, '2024-11-18 10:58:16'),
(645, 8, 'PPR/32/16/100', 10, 15, '2024-11-18 10:58:16'),
(646, 8, 'DWC/150/4/6', 3, 21, '2024-11-18 10:58:16'),
(647, 8, 'HDPE/50/6/100', 1, 31, '2024-11-18 10:58:16'),
(648, 8, 'PPR/25/16/4', 50, 46, '2024-11-18 10:58:16'),
(649, 8, 'PPR32/16/4', 20, 30, '2024-11-18 10:58:16'),
(650, 8, 'HDPE/20/10/100', 1, 9, '2024-11-18 10:58:16'),
(651, 8, 'DWC/300/8/6', 2, 58, '2024-11-18 10:58:16'),
(652, 8, 'PPR/50/16/50', 1, 45, '2024-11-18 10:58:16'),
(653, 8, 'HDPE/63/12.5/100', 1, 88, '2024-11-18 10:58:16'),
(654, 8, 'PPR/63/16/4', 30, 169, '2024-11-18 10:58:16'),
(655, 8, 'PPR/25/20/4', 60, 64, '2024-11-18 10:58:16'),
(656, 8, 'PPR/32/20/4', 50, 87, '2024-11-18 10:58:16'),
(657, 8, 'PPR/40/20/4', 15, 41, '2024-11-18 10:58:16'),
(658, 9, '225MM AQUAFLEX PN12.5 - 12M, HDPE/AF/180/6/1, HDPE, Pieces, 5, 45', 2, 450, '2024-11-18 17:59:14'),
(659, 9, '225MM AQUAFLEX PN12.5 - 6M, HDPE/AF/180/6/1, PPR, Rolls, 3, 53', 2, 318, '2024-11-18 17:59:14'),
(660, 10, '225MM AQUAFLEX PN12.5 - 6M, HDPE/AF/180/6/1, PPR, Pieces, 5, 353', 3, 5295, '2024-11-18 17:59:32'),
(661, 11, '225MM AQUAFLEX PN12.5 - 12M, HDPE/AF/180/6/1, HDPE, Pieces, 5, 45', 534, 120150, '2024-11-18 18:00:38'),
(662, 12, '225MM AQUAFLEX PN12.5 - 6M, HDPE/AF/180/6/1, PPR, Pieces, 5, 353', 1, 1765, '2024-11-18 18:16:06');

-- --------------------------------------------------------

--
-- Table structure for table `load_walk_in`
--

CREATE TABLE `load_walk_in` (
  `id` int(11) NOT NULL,
  `walk_in_id` int(11) NOT NULL,
  `total_weight` float NOT NULL,
  `created_at` timestamp NOT NULL DEFAULT current_timestamp() ON UPDATE current_timestamp()
) ENGINE=InnoDB DEFAULT CHARSET=utf8mb4 COLLATE=utf8mb4_general_ci;

--
-- Dumping data for table `load_walk_in`
--

INSERT INTO `load_walk_in` (`id`, `walk_in_id`, `total_weight`, `created_at`) VALUES
(1, 2, 1765, '2024-11-18 19:07:10'),
(2, 5, 159, '2024-11-18 19:07:22'),
(3, 4, 675, '2024-11-19 06:15:13'),
(4, 6, 1765, '2024-11-19 06:16:08'),
(5, 17, 477, '2024-11-26 06:38:51'),
(6, 20, 18, '2024-11-26 06:39:21'),
(7, 20, 477, '2024-11-26 06:39:40'),
(8, 19, 636, '2024-12-02 06:34:08'),
(9, 13, 1936, '2024-12-02 06:46:50');

-- --------------------------------------------------------

--
-- Table structure for table `load_walk_in_products`
--

CREATE TABLE `load_walk_in_products` (
  `id` int(11) NOT NULL,
  `customer` varchar(100) NOT NULL,
  `load_walk_in_id` int(100) NOT NULL,
  `product_description` varchar(100) NOT NULL,
  `quantity` int(100) NOT NULL,
  `total_weight` decimal(65,0) NOT NULL,
  `created_at` timestamp NOT NULL DEFAULT current_timestamp() ON UPDATE current_timestamp()
) ENGINE=InnoDB DEFAULT CHARSET=utf8mb4 COLLATE=utf8mb4_general_ci;

--
-- Dumping data for table `load_walk_in_products`
--

INSERT INTO `load_walk_in_products` (`id`, `customer`, `load_walk_in_id`, `product_description`, `quantity`, `total_weight`, `created_at`) VALUES
(1, '', 1, '225MM AQUAFLEX PN12.5 - 6M, HDPE/AF/180/6/1, PPR, Pieces, 5, 353', 1, 1765, '2024-11-18 19:07:10'),
(2, '', 2, '225MM AQUAFLEX PN12.5 - 6M, HDPE/AF/180/6/1, PPR, Rolls, 3, 53', 1, 159, '2024-11-18 19:07:22'),
(3, '', 3, '225MM AQUAFLEX PN12.5 - 12M, HDPE/AF/180/6/1, HDPE, Pieces, 5, 45', 3, 675, '2024-11-19 06:15:13'),
(4, '', 4, '225MM AQUAFLEX PN12.5 - 6M, HDPE/AF/180/6/1, PPR, Pieces, 5, 353', 1, 1765, '2024-11-19 06:16:08'),
(5, '', 5, '225MM AQUAFLEX PN12.5 - 6M, HDPE/AF/180/6/1, PPR, Rolls, 3, 53', 3, 477, '2024-11-26 06:38:51'),
(6, '', 6, '225MM AQUAFLEX PN12.5 - 12M, HDPE/AF/180/6/1, DWC, Pieces, 3, 3', 2, 18, '2024-11-26 06:39:21'),
(7, '', 7, '225MM AQUAFLEX PN12.5 - 6M, HDPE/AF/180/6/1, PPR, Rolls, 3, 53', 3, 477, '2024-11-26 06:39:40'),
(8, '', 8, '225MM AQUAFLEX PN12.5 - 6M, HDPE/AF/180/6/1, PPR, Rolls, 3, 53', 4, 636, '2024-12-02 06:34:08'),
(9, '', 9, '225MM AQUAFLEX PN12.5 - 12M, HDPE/AF/180/6/12, PPR, Rolls, 22, 22', 4, 1936, '2024-12-02 06:46:50');

-- --------------------------------------------------------

--
-- Table structure for table `maintenance_schedule`
--

CREATE TABLE `maintenance_schedule` (
  `id` int(11) NOT NULL,
  `vehicle_id` int(11) NOT NULL,
  `service_provider` varchar(100) NOT NULL,
  `maintenance_date` date NOT NULL,
  `inspection_date` date NOT NULL,
  `insurance_date` date NOT NULL,
  `speed_governor_date` date NOT NULL,
  `kenha_permit_date` date NOT NULL,
  `track_solid_date` date NOT NULL
) ENGINE=InnoDB DEFAULT CHARSET=utf8mb4 COLLATE=utf8mb4_general_ci;

--
-- Dumping data for table `maintenance_schedule`
--

INSERT INTO `maintenance_schedule` (`id`, `vehicle_id`, `service_provider`, `maintenance_date`, `inspection_date`, `insurance_date`, `speed_governor_date`, `kenha_permit_date`, `track_solid_date`) VALUES
(1, 1, 'Matuu', '2024-11-29', '2024-11-22', '2024-12-06', '2024-12-05', '2024-12-06', '0000-00-00');

-- --------------------------------------------------------

--
-- Table structure for table `test`
--

CREATE TABLE `test` (
  `id` int(11) NOT NULL,
  `trip_type` enum('Walk In','Export','Transfer') NOT NULL,
  `test_date` date NOT NULL,
  `item` varchar(100) NOT NULL,
  `quantity` int(11) NOT NULL,
  `client_name` varchar(100) DEFAULT NULL,
  `tonnage` decimal(10,2) DEFAULT NULL,
  `proforma_invoice_no` varchar(50) DEFAULT NULL,
  `uom` varchar(20) DEFAULT NULL,
  `weight_per_metre` decimal(10,2) DEFAULT NULL,
  `truck_regno` varchar(20) DEFAULT NULL,
  `destination` varchar(100) DEFAULT NULL,
  `customer` varchar(100) DEFAULT NULL,
  `weight` decimal(10,2) DEFAULT NULL,
  `vehicle` varchar(50) DEFAULT NULL
) ENGINE=InnoDB DEFAULT CHARSET=utf8mb4 COLLATE=utf8mb4_general_ci;

--
-- Dumping data for table `test`
--

INSERT INTO `test` (`id`, `trip_type`, `test_date`, `item`, `quantity`, `client_name`, `tonnage`, `proforma_invoice_no`, `uom`, `weight_per_metre`, `truck_regno`, `destination`, `customer`, `weight`, `vehicle`) VALUES
(1, 'Walk In', '2024-11-08', 'HDPE', 5, '', 0.00, NULL, NULL, NULL, NULL, NULL, NULL, NULL, NULL),
(2, 'Walk In', '2024-11-08', 'HDPE', 5, '', 0.00, NULL, NULL, NULL, NULL, NULL, NULL, NULL, NULL),
(3, 'Walk In', '2024-11-08', 'HDPE', 5, '', 0.00, NULL, NULL, NULL, NULL, NULL, NULL, NULL, NULL),
(4, 'Transfer', '0000-00-00', '21PCS', 7366, NULL, NULL, NULL, NULL, NULL, NULL, NULL, 'HDPE/500/6/12.8', 0.00, 'MUKUYU'),
(5, 'Transfer', '0000-00-00', '21PCS', 13376, NULL, NULL, NULL, NULL, NULL, NULL, NULL, 'HDPE/500/12.5/12.8', 0.00, 'MUKUYU'),
(6, 'Transfer', '0000-00-00', '52PCS', 2250, NULL, NULL, NULL, NULL, NULL, NULL, NULL, 'DWC/400/4/6', 0.00, 'MUKUYU'),
(7, 'Transfer', '0000-00-00', '21PCS', 13376, NULL, NULL, NULL, NULL, NULL, NULL, NULL, 'HDPE/500/12.5/12.8', 0.00, 'MUKUYU'),
(8, 'Transfer', '0000-00-00', '33PCS', 16273, NULL, NULL, NULL, NULL, NULL, NULL, NULL, 'HDPE/400/16/11.8', 0.00, 'MUKUYU'),
(9, 'Transfer', '0000-00-00', '35PCS', 17260, NULL, NULL, NULL, NULL, NULL, NULL, NULL, 'HDPE/400/16/11.8', 0.00, 'MUKUYU'),
(10, 'Transfer', '0000-00-00', '28PCS', 13807, NULL, NULL, NULL, NULL, NULL, NULL, NULL, 'HDPE/400/16/11.8', 0.00, 'MUKUYU'),
(11, 'Transfer', '0000-00-00', '40PCS', 2040, NULL, NULL, NULL, NULL, NULL, NULL, NULL, 'DWC/400/8/6', 0.00, 'MUKUYU'),
(12, 'Transfer', '0000-00-00', '23PCS', 14650, NULL, NULL, NULL, NULL, NULL, NULL, NULL, 'HDPE/500/12.5/12.8', 0.00, 'MUKUYU'),
(13, 'Transfer', '0000-00-00', '22PCS', 14013, NULL, NULL, NULL, NULL, NULL, NULL, NULL, 'HDPE/500/12.5/12.8', 0.00, 'MUKUYU'),
(14, 'Transfer', '0000-00-00', '50PCS', 2163, NULL, NULL, NULL, NULL, NULL, NULL, NULL, 'DWC/400/4/6', 0.00, 'MUKUYU'),
(15, 'Transfer', '0000-00-00', '160PCS', 1920, NULL, NULL, NULL, NULL, NULL, NULL, NULL, 'DWC/200/4/6', 0.00, 'MUKUYU'),
(16, 'Transfer', '0000-00-00', '21PCS', 13377, NULL, NULL, NULL, NULL, NULL, NULL, NULL, 'HDPE/500/12.5/11.8', 0.00, 'MUKUYU'),
(17, 'Transfer', '0000-00-00', '22PCS', 14014, NULL, NULL, NULL, NULL, NULL, NULL, NULL, 'HDPE/500/12.5/11.8', 0.00, 'MUKUYU'),
(18, 'Transfer', '0000-00-00', '238PCS', 2856, NULL, NULL, NULL, NULL, NULL, NULL, NULL, 'DWC/200/4/6', 0.00, 'MUKUYU'),
(19, '', '0000-00-00', '30PCS', 28, NULL, 0.00, NULL, NULL, NULL, NULL, NULL, NULL, NULL, NULL),
(20, '', '0000-00-00', '10PCS', 9, NULL, 0.00, NULL, NULL, NULL, NULL, NULL, NULL, NULL, NULL),
(21, '', '0000-00-00', '1PC', 1, NULL, NULL, NULL, NULL, NULL, NULL, NULL, NULL, NULL, NULL),
(22, '', '0000-00-00', '1ROLL', 12, NULL, 0.00, NULL, NULL, NULL, NULL, NULL, NULL, NULL, NULL),
(23, '', '0000-00-00', '80PCS', 74, NULL, 0.00, NULL, NULL, NULL, NULL, NULL, NULL, NULL, NULL),
(24, '', '0000-00-00', '10PCS', 15, NULL, NULL, NULL, NULL, NULL, NULL, NULL, NULL, NULL, NULL),
(25, '', '0000-00-00', '3PCS', 21, NULL, 0.00, NULL, NULL, NULL, NULL, NULL, NULL, NULL, NULL),
(26, '', '0000-00-00', '1ROLL', 31, NULL, 0.00, NULL, NULL, NULL, NULL, NULL, NULL, NULL, NULL),
(27, '', '0000-00-00', '50PCS', 46, NULL, 0.00, NULL, NULL, NULL, NULL, NULL, NULL, NULL, NULL),
(28, '', '0000-00-00', '20PCS', 30, NULL, NULL, NULL, NULL, NULL, NULL, NULL, NULL, NULL, NULL),
(29, '', '0000-00-00', '1ROLL', 9, NULL, 0.00, NULL, NULL, NULL, NULL, NULL, NULL, NULL, NULL),
(30, '', '0000-00-00', '2PCS', 8, NULL, NULL, NULL, NULL, NULL, NULL, NULL, NULL, NULL, NULL),
(31, '', '0000-00-00', '2PCS', 58, NULL, 0.00, NULL, NULL, NULL, NULL, NULL, NULL, NULL, NULL),
(32, '', '0000-00-00', '1ROLL', 45, NULL, NULL, NULL, NULL, NULL, NULL, NULL, NULL, NULL, NULL),
(33, '', '0000-00-00', '1ROLL', 88, NULL, 0.00, NULL, NULL, NULL, NULL, NULL, NULL, NULL, NULL),
(34, '', '0000-00-00', '30PCS', 169, NULL, NULL, NULL, NULL, NULL, NULL, NULL, NULL, NULL, NULL),
(35, '', '0000-00-00', '60PCS', 64, NULL, 0.00, NULL, NULL, NULL, NULL, NULL, NULL, NULL, NULL),
(36, '', '0000-00-00', '50PCS', 87, NULL, NULL, NULL, NULL, NULL, NULL, NULL, NULL, NULL, NULL),
(37, '', '0000-00-00', '10PCS', 17, NULL, NULL, NULL, NULL, NULL, NULL, NULL, NULL, NULL, NULL),
(38, '', '0000-00-00', '40PCS', 43, NULL, 0.00, NULL, NULL, NULL, NULL, NULL, NULL, NULL, NULL),
(39, '', '0000-00-00', '1ROLL', 45, NULL, 0.00, NULL, NULL, NULL, NULL, NULL, NULL, NULL, NULL),
(40, '', '0000-00-00', '4PCS', 34, NULL, 0.00, NULL, NULL, NULL, NULL, NULL, NULL, NULL, NULL),
(41, '', '0000-00-00', '15PCS', 41, NULL, NULL, NULL, NULL, NULL, NULL, NULL, NULL, NULL, NULL),
(42, '', '0000-00-00', '6PCS', 10, NULL, NULL, NULL, NULL, NULL, NULL, NULL, NULL, NULL, NULL),
(43, '', '0000-00-00', '30PCS', 81, NULL, 0.00, NULL, NULL, NULL, NULL, NULL, NULL, NULL, NULL),
(44, '', '0000-00-00', '10PCS', 17, NULL, NULL, NULL, NULL, NULL, NULL, NULL, NULL, NULL, NULL),
(45, '', '0000-00-00', '15PCS', 16, NULL, NULL, NULL, NULL, NULL, NULL, NULL, NULL, NULL, NULL),
(46, '', '0000-00-00', '300PCS', 278, NULL, 0.00, NULL, NULL, NULL, NULL, NULL, NULL, NULL, NULL),
(47, '', '0000-00-00', '300PCS', 179, NULL, NULL, NULL, NULL, NULL, NULL, NULL, NULL, NULL, NULL),
(48, '', '0000-00-00', '15PCS', 16, NULL, 0.00, NULL, NULL, NULL, NULL, NULL, NULL, NULL, NULL),
(49, '', '0000-00-00', '50PCS', 74, NULL, NULL, NULL, NULL, NULL, NULL, NULL, NULL, NULL, NULL),
(50, '', '0000-00-00', '48031', 56, '123.9', 0.00, NULL, NULL, NULL, NULL, NULL, NULL, NULL, NULL),
(51, '', '0000-00-00', '46589-7', 248, '53.98', 0.00, NULL, NULL, NULL, NULL, NULL, NULL, NULL, NULL),
(52, '', '0000-00-00', '48033', 38, '305.974', 0.00, NULL, NULL, NULL, NULL, NULL, NULL, NULL, NULL),
(53, '', '0000-00-00', '48031', 56, '305.974', 0.00, NULL, NULL, NULL, NULL, NULL, NULL, NULL, NULL),
(54, '', '0000-00-00', '48033', 70, '123.9', 0.00, NULL, NULL, NULL, NULL, NULL, NULL, NULL, NULL),
(55, 'Transfer', '0000-00-00', '21PCS', 7366, NULL, NULL, NULL, NULL, NULL, NULL, NULL, 'HDPE/500/6/12.8', 0.00, 'MUKUYU'),
(56, 'Transfer', '0000-00-00', '50PCS', 2163, NULL, NULL, NULL, NULL, NULL, NULL, NULL, 'DWC/400/4/6', 0.00, 'MUKUYU'),
(57, 'Transfer', '0000-00-00', '21PCS', 13376, NULL, NULL, NULL, NULL, NULL, NULL, NULL, 'HDPE/500/12.5/12.8', 0.00, 'MUKUYU'),
(58, 'Transfer', '0000-00-00', '22PCS', 14013, NULL, NULL, NULL, NULL, NULL, NULL, NULL, 'HDPE/500/12.5/12.8', 0.00, 'MUKUYU'),
(59, 'Transfer', '0000-00-00', '21PCS', 13376, NULL, NULL, NULL, NULL, NULL, NULL, NULL, 'HDPE/500/12.5/12.8', 0.00, 'MUKUYU'),
(60, 'Transfer', '0000-00-00', '52PCS', 2250, NULL, NULL, NULL, NULL, NULL, NULL, NULL, 'DWC/400/4/6', 0.00, 'MUKUYU'),
(61, 'Transfer', '0000-00-00', '33PCS', 16273, NULL, NULL, NULL, NULL, NULL, NULL, NULL, 'HDPE/400/16/11.8', 0.00, 'MUKUYU'),
(62, 'Transfer', '0000-00-00', '23PCS', 14650, NULL, NULL, NULL, NULL, NULL, NULL, NULL, 'HDPE/500/12.5/12.8', 0.00, 'MUKUYU'),
(63, 'Transfer', '0000-00-00', '35PCS', 17260, NULL, NULL, NULL, NULL, NULL, NULL, NULL, 'HDPE/400/16/11.8', 0.00, 'MUKUYU'),
(64, 'Transfer', '0000-00-00', '28PCS', 13807, NULL, NULL, NULL, NULL, NULL, NULL, NULL, 'HDPE/400/16/11.8', 0.00, 'MUKUYU'),
(65, 'Transfer', '0000-00-00', '40PCS', 2040, NULL, NULL, NULL, NULL, NULL, NULL, NULL, 'DWC/400/8/6', 0.00, 'MUKUYU'),
(66, 'Transfer', '0000-00-00', '160PCS', 1920, NULL, NULL, NULL, NULL, NULL, NULL, NULL, 'DWC/200/4/6', 0.00, 'MUKUYU'),
(67, 'Transfer', '0000-00-00', '238PCS', 2856, NULL, NULL, NULL, NULL, NULL, NULL, NULL, 'DWC/200/4/6', 0.00, 'MUKUYU'),
(68, 'Transfer', '0000-00-00', '22PCS', 14014, NULL, NULL, NULL, NULL, NULL, NULL, NULL, 'HDPE/500/12.5/11.8', 0.00, 'MUKUYU'),
(69, 'Transfer', '0000-00-00', '21PCS', 13377, NULL, NULL, NULL, NULL, NULL, NULL, NULL, 'HDPE/500/12.5/11.8', 0.00, 'MUKUYU'),
(70, '', '0000-00-00', '46589-7', 248, '53.98', 0.00, NULL, NULL, NULL, NULL, NULL, NULL, NULL, NULL),
(71, '', '0000-00-00', '48033', 38, '305.974', 0.00, NULL, NULL, NULL, NULL, NULL, NULL, NULL, NULL),
(72, '', '0000-00-00', '48033', 70, '123.9', 0.00, NULL, NULL, NULL, NULL, NULL, NULL, NULL, NULL),
(73, '', '0000-00-00', '48031', 56, '305.974', 0.00, NULL, NULL, NULL, NULL, NULL, NULL, NULL, NULL),
(74, '', '0000-00-00', '48031', 56, '123.9', 0.00, NULL, NULL, NULL, NULL, NULL, NULL, NULL, NULL),
(75, '', '0000-00-00', '48033', 70, '123.9', 0.00, NULL, NULL, NULL, NULL, NULL, NULL, NULL, NULL),
(76, '', '0000-00-00', '48033', 38, '305.974', 0.00, NULL, NULL, NULL, NULL, NULL, NULL, NULL, NULL),
(77, '', '0000-00-00', '48031', 56, '305.974', 0.00, NULL, NULL, NULL, NULL, NULL, NULL, NULL, NULL),
(78, '', '0000-00-00', '48031', 56, '123.9', 0.00, NULL, NULL, NULL, NULL, NULL, NULL, NULL, NULL),
(79, '', '0000-00-00', '46589-7', 248, '53.98', 0.00, NULL, NULL, NULL, NULL, NULL, NULL, NULL, NULL),
(80, '', '0000-00-00', '48033', 70, '123.9', 0.00, NULL, NULL, NULL, NULL, NULL, NULL, NULL, NULL),
(81, '', '0000-00-00', '48031', 56, '305.974', 0.00, NULL, NULL, NULL, NULL, NULL, NULL, NULL, NULL),
(82, '', '0000-00-00', '48031', 56, '123.9', 0.00, NULL, NULL, NULL, NULL, NULL, NULL, NULL, NULL),
(83, '', '0000-00-00', '48033', 38, '305.974', 0.00, NULL, NULL, NULL, NULL, NULL, NULL, NULL, NULL),
(84, '', '0000-00-00', '46589-7', 248, '53.98', 0.00, NULL, NULL, NULL, NULL, NULL, NULL, NULL, NULL),
(85, '', '0000-00-00', '46589-7', 248, '53.98', 0.00, NULL, NULL, NULL, NULL, NULL, NULL, NULL, NULL),
(86, '', '0000-00-00', '48031', 56, '123.9', 0.00, NULL, NULL, NULL, NULL, NULL, NULL, NULL, NULL),
(87, '', '0000-00-00', '48031', 56, '305.974', 0.00, NULL, NULL, NULL, NULL, NULL, NULL, NULL, NULL),
(88, '', '0000-00-00', '48033', 70, '123.9', 0.00, NULL, NULL, NULL, NULL, NULL, NULL, NULL, NULL),
(89, '', '0000-00-00', '48033', 38, '305.974', 0.00, NULL, NULL, NULL, NULL, NULL, NULL, NULL, NULL),
(90, '', '0000-00-00', '46589-7', 248, '53.98', 0.00, NULL, NULL, NULL, NULL, NULL, NULL, NULL, NULL),
(91, '', '0000-00-00', '48031', 56, '123.9', 0.00, NULL, NULL, NULL, NULL, NULL, NULL, NULL, NULL),
(92, '', '0000-00-00', '48031', 56, '305.974', 0.00, NULL, NULL, NULL, NULL, NULL, NULL, NULL, NULL),
(93, '', '0000-00-00', '48033', 70, '123.9', 0.00, NULL, NULL, NULL, NULL, NULL, NULL, NULL, NULL),
(94, '', '0000-00-00', '48033', 38, '305.974', 0.00, NULL, NULL, NULL, NULL, NULL, NULL, NULL, NULL),
(95, 'Transfer', '0000-00-00', '9.281', 0, NULL, NULL, NULL, NULL, NULL, NULL, NULL, '10PCS', NULL, NULL),
(96, 'Transfer', '0000-00-00', '12', 0, NULL, NULL, NULL, NULL, NULL, NULL, NULL, '1ROLL', NULL, NULL),
(97, 'Transfer', '0000-00-00', '74.248', 0, NULL, NULL, NULL, NULL, NULL, NULL, NULL, '80PCS', NULL, NULL),
(98, 'Transfer', '0000-00-00', '21.06', 0, NULL, NULL, NULL, NULL, NULL, NULL, NULL, '3PCS', NULL, NULL),
(99, 'Transfer', '0000-00-00', '31', 0, NULL, NULL, NULL, NULL, NULL, NULL, NULL, '1ROLL', NULL, NULL),
(100, 'Transfer', '0000-00-00', '46.405', 0, NULL, NULL, NULL, NULL, NULL, NULL, NULL, '50PCS', NULL, NULL),
(101, 'Transfer', '0000-00-00', '42.892', 0, NULL, NULL, NULL, NULL, NULL, NULL, NULL, '40PCS', NULL, NULL),
(102, 'Transfer', '0000-00-00', '57.84', 0, NULL, NULL, NULL, NULL, NULL, NULL, NULL, '2PCS', NULL, NULL),
(103, 'Transfer', '0000-00-00', '9', 0, NULL, NULL, NULL, NULL, NULL, NULL, NULL, '1ROLL', NULL, NULL),
(104, 'Transfer', '0000-00-00', '64.338', 0, NULL, NULL, NULL, NULL, NULL, NULL, NULL, '60PCS', NULL, NULL),
(105, 'Transfer', '0000-00-00', '88', 0, NULL, NULL, NULL, NULL, NULL, NULL, NULL, '1ROLL', NULL, NULL),
(106, 'Transfer', '0000-00-00', '16.0845', 0, NULL, NULL, NULL, NULL, NULL, NULL, NULL, '15PCS', NULL, NULL),
(107, 'Transfer', '0000-00-00', '45', 0, NULL, NULL, NULL, NULL, NULL, NULL, NULL, '1ROLL', NULL, NULL),
(108, 'Transfer', '0000-00-00', '278.43', 0, NULL, NULL, NULL, NULL, NULL, NULL, NULL, '300PCS', NULL, NULL),
(109, 'Transfer', '0000-00-00', '34.32', 0, NULL, NULL, NULL, NULL, NULL, NULL, NULL, '4PCS', NULL, NULL),
(110, 'Transfer', '0000-00-00', '27.843', 0, NULL, NULL, NULL, NULL, NULL, NULL, NULL, '30PCS', NULL, NULL),
(111, 'Transfer', '0000-00-00', '81.102', 0, NULL, NULL, NULL, NULL, NULL, NULL, NULL, '30PCS', NULL, NULL),
(112, '', '0000-00-00', '2PCS', 8, NULL, NULL, NULL, NULL, NULL, NULL, NULL, NULL, NULL, NULL),
(113, '', '0000-00-00', '10PCS', 17, NULL, NULL, NULL, NULL, NULL, NULL, NULL, NULL, NULL, NULL),
(114, '', '0000-00-00', '1ROLL', 45, NULL, 0.00, NULL, NULL, NULL, NULL, NULL, NULL, NULL, NULL),
(115, '', '0000-00-00', '10PCS', 9, NULL, 0.00, NULL, NULL, NULL, NULL, NULL, NULL, NULL, NULL),
(116, '', '0000-00-00', '40PCS', 43, NULL, 0.00, NULL, NULL, NULL, NULL, NULL, NULL, NULL, NULL),
(117, '', '0000-00-00', '4PCS', 34, NULL, 0.00, NULL, NULL, NULL, NULL, NULL, NULL, NULL, NULL),
(118, '', '0000-00-00', '10PCS', 15, NULL, NULL, NULL, NULL, NULL, NULL, NULL, NULL, NULL, NULL),
(119, '', '0000-00-00', '1PC', 1, NULL, NULL, NULL, NULL, NULL, NULL, NULL, NULL, NULL, NULL),
(120, '', '0000-00-00', '1ROLL', 12, NULL, 0.00, NULL, NULL, NULL, NULL, NULL, NULL, NULL, NULL),
(121, '', '0000-00-00', '80PCS', 74, NULL, 0.00, NULL, NULL, NULL, NULL, NULL, NULL, NULL, NULL),
(122, '', '0000-00-00', '3PCS', 21, NULL, 0.00, NULL, NULL, NULL, NULL, NULL, NULL, NULL, NULL),
(123, '', '0000-00-00', '30PCS', 28, NULL, 0.00, NULL, NULL, NULL, NULL, NULL, NULL, NULL, NULL),
(124, '', '0000-00-00', '1ROLL', 31, NULL, 0.00, NULL, NULL, NULL, NULL, NULL, NULL, NULL, NULL),
(125, '', '0000-00-00', '50PCS', 46, NULL, 0.00, NULL, NULL, NULL, NULL, NULL, NULL, NULL, NULL),
(126, '', '0000-00-00', '20PCS', 30, NULL, NULL, NULL, NULL, NULL, NULL, NULL, NULL, NULL, NULL),
(127, '', '0000-00-00', '1ROLL', 9, NULL, 0.00, NULL, NULL, NULL, NULL, NULL, NULL, NULL, NULL),
(128, '', '0000-00-00', '2PCS', 58, NULL, 0.00, NULL, NULL, NULL, NULL, NULL, NULL, NULL, NULL),
(129, '', '0000-00-00', '1ROLL', 45, NULL, NULL, NULL, NULL, NULL, NULL, NULL, NULL, NULL, NULL),
(130, '', '0000-00-00', '1ROLL', 88, NULL, 0.00, NULL, NULL, NULL, NULL, NULL, NULL, NULL, NULL),
(131, '', '0000-00-00', '30PCS', 169, NULL, NULL, NULL, NULL, NULL, NULL, NULL, NULL, NULL, NULL),
(132, '', '0000-00-00', '60PCS', 64, NULL, 0.00, NULL, NULL, NULL, NULL, NULL, NULL, NULL, NULL),
(133, '', '0000-00-00', '50PCS', 87, NULL, NULL, NULL, NULL, NULL, NULL, NULL, NULL, NULL, NULL),
(134, '', '0000-00-00', '15PCS', 16, NULL, 0.00, NULL, NULL, NULL, NULL, NULL, NULL, NULL, NULL),
(135, '', '0000-00-00', '15PCS', 41, NULL, NULL, NULL, NULL, NULL, NULL, NULL, NULL, NULL, NULL),
(136, '', '0000-00-00', '6PCS', 10, NULL, NULL, NULL, NULL, NULL, NULL, NULL, NULL, NULL, NULL),
(137, '', '0000-00-00', '30PCS', 81, NULL, 0.00, NULL, NULL, NULL, NULL, NULL, NULL, NULL, NULL),
(138, '', '0000-00-00', '10PCS', 17, NULL, NULL, NULL, NULL, NULL, NULL, NULL, NULL, NULL, NULL),
(139, '', '0000-00-00', '15PCS', 16, NULL, NULL, NULL, NULL, NULL, NULL, NULL, NULL, NULL, NULL),
(140, '', '0000-00-00', '300PCS', 278, NULL, 0.00, NULL, NULL, NULL, NULL, NULL, NULL, NULL, NULL),
(141, '', '0000-00-00', '300PCS', 179, NULL, NULL, NULL, NULL, NULL, NULL, NULL, NULL, NULL, NULL),
(142, '', '0000-00-00', '50PCS', 74, NULL, NULL, NULL, NULL, NULL, NULL, NULL, NULL, NULL, NULL),
(143, '', '0000-00-00', '10PCS', 17, NULL, NULL, NULL, NULL, NULL, NULL, NULL, NULL, NULL, NULL),
(144, '', '0000-00-00', '80PCS', 74, NULL, 0.00, NULL, NULL, NULL, NULL, NULL, NULL, NULL, NULL),
(145, '', '0000-00-00', '10PCS', 15, NULL, NULL, NULL, NULL, NULL, NULL, NULL, NULL, NULL, NULL),
(146, '', '0000-00-00', '3PCS', 21, NULL, 0.00, NULL, NULL, NULL, NULL, NULL, NULL, NULL, NULL),
(147, '', '0000-00-00', '1ROLL', 31, NULL, 0.00, NULL, NULL, NULL, NULL, NULL, NULL, NULL, NULL),
(148, '', '0000-00-00', '50PCS', 46, NULL, 0.00, NULL, NULL, NULL, NULL, NULL, NULL, NULL, NULL),
(149, '', '0000-00-00', '2PCS', 8, NULL, NULL, NULL, NULL, NULL, NULL, NULL, NULL, NULL, NULL),
(150, '', '0000-00-00', '20PCS', 30, NULL, NULL, NULL, NULL, NULL, NULL, NULL, NULL, NULL, NULL),
(151, '', '0000-00-00', '10PCS', 9, NULL, 0.00, NULL, NULL, NULL, NULL, NULL, NULL, NULL, NULL),
(152, '', '0000-00-00', '40PCS', 43, NULL, 0.00, NULL, NULL, NULL, NULL, NULL, NULL, NULL, NULL),
(153, '', '0000-00-00', '1ROLL', 12, NULL, 0.00, NULL, NULL, NULL, NULL, NULL, NULL, NULL, NULL),
(154, '', '0000-00-00', '1PC', 1, NULL, NULL, NULL, NULL, NULL, NULL, NULL, NULL, NULL, NULL),
(155, '', '0000-00-00', '1ROLL', 9, NULL, 0.00, NULL, NULL, NULL, NULL, NULL, NULL, NULL, NULL),
(156, '', '0000-00-00', '30PCS', 169, NULL, NULL, NULL, NULL, NULL, NULL, NULL, NULL, NULL, NULL),
(157, '', '0000-00-00', '1ROLL', 45, NULL, NULL, NULL, NULL, NULL, NULL, NULL, NULL, NULL, NULL),
(158, '', '0000-00-00', '60PCS', 64, NULL, 0.00, NULL, NULL, NULL, NULL, NULL, NULL, NULL, NULL),
(159, '', '0000-00-00', '1ROLL', 88, NULL, 0.00, NULL, NULL, NULL, NULL, NULL, NULL, NULL, NULL),
(160, '', '0000-00-00', '50PCS', 87, NULL, NULL, NULL, NULL, NULL, NULL, NULL, NULL, NULL, NULL),
(161, '', '0000-00-00', '2PCS', 58, NULL, 0.00, NULL, NULL, NULL, NULL, NULL, NULL, NULL, NULL),
(162, '', '0000-00-00', '6PCS', 10, NULL, NULL, NULL, NULL, NULL, NULL, NULL, NULL, NULL, NULL),
(163, '', '0000-00-00', '15PCS', 41, NULL, NULL, NULL, NULL, NULL, NULL, NULL, NULL, NULL, NULL),
(164, '', '0000-00-00', '15PCS', 16, NULL, 0.00, NULL, NULL, NULL, NULL, NULL, NULL, NULL, NULL),
(165, '', '0000-00-00', '15PCS', 16, NULL, NULL, NULL, NULL, NULL, NULL, NULL, NULL, NULL, NULL),
(166, '', '0000-00-00', '10PCS', 17, NULL, NULL, NULL, NULL, NULL, NULL, NULL, NULL, NULL, NULL),
(167, '', '0000-00-00', '300PCS', 179, NULL, NULL, NULL, NULL, NULL, NULL, NULL, NULL, NULL, NULL),
(168, '', '0000-00-00', '300PCS', 278, NULL, 0.00, NULL, NULL, NULL, NULL, NULL, NULL, NULL, NULL),
(169, '', '0000-00-00', '30PCS', 81, NULL, 0.00, NULL, NULL, NULL, NULL, NULL, NULL, NULL, NULL),
(170, '', '0000-00-00', '50PCS', 74, NULL, NULL, NULL, NULL, NULL, NULL, NULL, NULL, NULL, NULL),
(171, '', '0000-00-00', '3ROLLS', 69, NULL, 0.00, NULL, NULL, NULL, NULL, NULL, NULL, NULL, NULL),
(172, '', '0000-00-00', '60PCS', 64, NULL, 0.00, NULL, NULL, NULL, NULL, NULL, NULL, NULL, NULL),
(173, '', '0000-00-00', '60PCS', 105, NULL, NULL, NULL, NULL, NULL, NULL, NULL, NULL, NULL, NULL),
(174, '', '0000-00-00', '250PCS', 232, NULL, 0.00, NULL, NULL, NULL, NULL, NULL, NULL, NULL, NULL),
(175, '', '0000-00-00', '100PCS', 149, NULL, NULL, NULL, NULL, NULL, NULL, NULL, NULL, NULL, NULL),
(176, '', '0000-00-00', '30PCS', 69, NULL, NULL, NULL, NULL, NULL, NULL, NULL, NULL, NULL, NULL),
(177, '', '0000-00-00', '10PCS', 56, NULL, NULL, NULL, NULL, NULL, NULL, NULL, NULL, NULL, NULL),
(178, '', '0000-00-00', '100PCS', 175, NULL, 0.00, NULL, NULL, NULL, NULL, NULL, NULL, NULL, NULL),
(179, '', '0000-00-00', '200PCS', 186, NULL, NULL, NULL, NULL, NULL, NULL, NULL, NULL, NULL, NULL),
(180, '', '0000-00-00', '10PCS', 36, NULL, NULL, NULL, NULL, NULL, NULL, NULL, NULL, NULL, NULL),
(181, '', '0000-00-00', '100PCS', 60, NULL, NULL, NULL, NULL, NULL, NULL, NULL, NULL, NULL, NULL),
(182, '', '0000-00-00', '30PCS', 28, NULL, 0.00, NULL, NULL, NULL, NULL, NULL, NULL, NULL, NULL),
(183, '', '0000-00-00', '1ROLL', 45, NULL, 0.00, NULL, NULL, NULL, NULL, NULL, NULL, NULL, NULL),
(184, '', '0000-00-00', '4PCS', 34, NULL, 0.00, NULL, NULL, NULL, NULL, NULL, NULL, NULL, NULL),
(185, '', '0000-00-00', '10PCS', 9, NULL, 0.00, NULL, NULL, NULL, NULL, NULL, NULL, NULL, NULL),
(186, '', '0000-00-00', '1PC', 1, NULL, NULL, NULL, NULL, NULL, NULL, NULL, NULL, NULL, NULL),
(187, '', '0000-00-00', '2PCS', 8, NULL, NULL, NULL, NULL, NULL, NULL, NULL, NULL, NULL, NULL),
(188, '', '0000-00-00', '10PCS', 17, NULL, NULL, NULL, NULL, NULL, NULL, NULL, NULL, NULL, NULL),
(189, '', '0000-00-00', '40PCS', 43, NULL, 0.00, NULL, NULL, NULL, NULL, NULL, NULL, NULL, NULL),
(190, '', '0000-00-00', '1ROLL', 12, NULL, 0.00, NULL, NULL, NULL, NULL, NULL, NULL, NULL, NULL),
(191, '', '0000-00-00', '80PCS', 74, NULL, 0.00, NULL, NULL, NULL, NULL, NULL, NULL, NULL, NULL),
(192, '', '0000-00-00', '10PCS', 15, NULL, NULL, NULL, NULL, NULL, NULL, NULL, NULL, NULL, NULL),
(193, '', '0000-00-00', '3PCS', 21, NULL, 0.00, NULL, NULL, NULL, NULL, NULL, NULL, NULL, NULL),
(194, '', '0000-00-00', '1ROLL', 31, NULL, 0.00, NULL, NULL, NULL, NULL, NULL, NULL, NULL, NULL),
(195, '', '0000-00-00', '20PCS', 30, NULL, NULL, NULL, NULL, NULL, NULL, NULL, NULL, NULL, NULL),
(196, '', '0000-00-00', '50PCS', 46, NULL, 0.00, NULL, NULL, NULL, NULL, NULL, NULL, NULL, NULL),
(197, '', '0000-00-00', '2PCS', 58, NULL, 0.00, NULL, NULL, NULL, NULL, NULL, NULL, NULL, NULL),
(198, '', '0000-00-00', '1ROLL', 9, NULL, 0.00, NULL, NULL, NULL, NULL, NULL, NULL, NULL, NULL),
(199, '', '0000-00-00', '1ROLL', 45, NULL, NULL, NULL, NULL, NULL, NULL, NULL, NULL, NULL, NULL),
(200, '', '0000-00-00', '30PCS', 169, NULL, NULL, NULL, NULL, NULL, NULL, NULL, NULL, NULL, NULL),
(201, '', '0000-00-00', '60PCS', 64, NULL, 0.00, NULL, NULL, NULL, NULL, NULL, NULL, NULL, NULL),
(202, '', '0000-00-00', '1ROLL', 88, NULL, 0.00, NULL, NULL, NULL, NULL, NULL, NULL, NULL, NULL),
(203, '', '0000-00-00', '50PCS', 87, NULL, NULL, NULL, NULL, NULL, NULL, NULL, NULL, NULL, NULL),
(204, '', '0000-00-00', '15PCS', 41, NULL, NULL, NULL, NULL, NULL, NULL, NULL, NULL, NULL, NULL),
(205, '', '0000-00-00', '15PCS', 16, NULL, 0.00, NULL, NULL, NULL, NULL, NULL, NULL, NULL, NULL),
(206, '', '0000-00-00', '30PCS', 81, NULL, 0.00, NULL, NULL, NULL, NULL, NULL, NULL, NULL, NULL),
(207, '', '0000-00-00', '10PCS', 17, NULL, NULL, NULL, NULL, NULL, NULL, NULL, NULL, NULL, NULL),
(208, '', '0000-00-00', '15PCS', 16, NULL, NULL, NULL, NULL, NULL, NULL, NULL, NULL, NULL, NULL),
(209, '', '0000-00-00', '300PCS', 278, NULL, 0.00, NULL, NULL, NULL, NULL, NULL, NULL, NULL, NULL),
(210, '', '0000-00-00', '300PCS', 179, NULL, NULL, NULL, NULL, NULL, NULL, NULL, NULL, NULL, NULL),
(211, '', '0000-00-00', '50PCS', 74, NULL, NULL, NULL, NULL, NULL, NULL, NULL, NULL, NULL, NULL),
(212, '', '0000-00-00', '6PCS', 10, NULL, NULL, NULL, NULL, NULL, NULL, NULL, NULL, NULL, NULL);

-- --------------------------------------------------------

--
-- Table structure for table `transfers`
--

CREATE TABLE `transfers` (
  `transfer_id` int(11) NOT NULL,
  `customer_name` varchar(255) NOT NULL,
  `transfer_date` date NOT NULL,
  `transfer_time` time NOT NULL,
  `transfer_day` varchar(20) NOT NULL,
  `driver` int(11) NOT NULL,
  `vehicle` int(11) NOT NULL,
  `destination` varchar(255) NOT NULL,
  `start_odometer` int(11) NOT NULL,
  `end_odometer` int(11) DEFAULT NULL,
  `actual_distance` int(11) DEFAULT NULL,
  `trip_status` enum('Ongoing','Ended') DEFAULT 'Ongoing'
) ENGINE=InnoDB DEFAULT CHARSET=utf8mb4 COLLATE=utf8mb4_general_ci;

--
-- Dumping data for table `transfers`
--

INSERT INTO `transfers` (`transfer_id`, `customer_name`, `transfer_date`, `transfer_time`, `transfer_day`, `driver`, `vehicle`, `destination`, `start_odometer`, `end_odometer`, `actual_distance`, `trip_status`) VALUES
(2, 'Test', '2024-11-12', '15:00:00', 'Tuesday', 3, 3, 'gdg', 2000, 2088, 88, 'Ended'),
(3, 'Test', '2024-11-22', '15:08:00', 'Friday', 4, 1, 'gdg', 14141, 44444, 30303, 'Ended'),
(4, 'Test', '2024-11-12', '17:04:00', 'Tuesday', 4, 3, 'gdg', 2000, 4562, 2562, 'Ended'),
(17, 'Test', '2024-12-11', '16:16:00', 'Wednesday', 4, 2, 'gdg', 1, 6, 5, 'Ended'),
(18, 'Test', '2024-12-11', '18:42:00', 'Wednesday', 4, 3, 'gdg', 444, 555, 111, 'Ended');

-- --------------------------------------------------------

--
-- Table structure for table `transfer_fuel`
--

CREATE TABLE `transfer_fuel` (
  `id` int(11) NOT NULL,
  `transfer_id` int(11) NOT NULL,
  `fuel_consumed` decimal(10,2) NOT NULL,
  `created_at` timestamp NOT NULL DEFAULT current_timestamp()
) ENGINE=InnoDB DEFAULT CHARSET=utf8mb4 COLLATE=utf8mb4_general_ci;

--
-- Dumping data for table `transfer_fuel`
--

INSERT INTO `transfer_fuel` (`id`, `transfer_id`, `fuel_consumed`, `created_at`) VALUES
(4, 1, 8778.00, '2024-11-13 08:27:57'),
(5, 4, 7567.00, '2024-11-13 08:32:07'),
(6, 2, 54.00, '2024-11-14 06:40:57'),
(7, 0, 344.00, '2024-11-19 09:34:27'),
(8, 0, 212.00, '2024-11-19 09:34:47'),
(9, 0, 434.00, '2024-11-19 09:37:46'),
(10, 0, 434.00, '2024-11-19 09:43:36'),
(11, 0, 44.00, '2024-11-19 09:43:52'),
(12, 0, 34.00, '2024-11-19 10:07:41'),
(13, 5, 43.00, '2024-11-19 10:09:09'),
(14, 3, 5435.00, '2024-11-19 11:13:24'),
(15, 7, 45.00, '2024-12-11 13:52:10'),
(16, 8, 64.00, '2024-12-11 13:52:19'),
(17, 9, 756.00, '2024-12-11 13:52:28'),
(18, 11, 56.00, '2024-12-11 13:52:37'),
(19, 10, 56.00, '2024-12-11 13:52:43'),
(20, 16, 75.00, '2024-12-11 13:52:58'),
(21, 12, 97.00, '2024-12-11 13:53:06'),
(22, 17, 656.00, '2024-12-11 13:53:20'),
(23, 18, 499.00, '2024-12-11 15:48:03');

-- --------------------------------------------------------

--
-- Table structure for table `trips`
--

CREATE TABLE `trips` (
  `trip_id` int(11) NOT NULL,
  `trip_date` date NOT NULL,
  `trip_time` time NOT NULL,
  `trip_day` varchar(100) NOT NULL,
  `trip_description` text NOT NULL,
  `driver_id` varchar(100) NOT NULL,
  `co_driver_id` varchar(100) DEFAULT NULL,
  `vehicle_id` varchar(100) NOT NULL,
  `from_location` text NOT NULL,
  `stops` text DEFAULT NULL,
  `to_location` text NOT NULL,
  `est_distance` int(200) NOT NULL,
  `start_odometer` int(200) NOT NULL,
  `end_odometer` int(11) DEFAULT NULL,
  `actual_distance` varchar(100) DEFAULT NULL,
  `trip_status` varchar(100) NOT NULL DEFAULT 'Ongoing'
) ENGINE=InnoDB DEFAULT CHARSET=utf8mb4 COLLATE=utf8mb4_general_ci;

--
-- Dumping data for table `trips`
--

INSERT INTO `trips` (`trip_id`, `trip_date`, `trip_time`, `trip_day`, `trip_description`, `driver_id`, `co_driver_id`, `vehicle_id`, `from_location`, `stops`, `to_location`, `est_distance`, `start_odometer`, `end_odometer`, `actual_distance`, `trip_status`) VALUES
(13, '2024-12-12', '09:16:00', 'Thursday', 'Pick Up', '1', '3', '1', 'Thika', '', 'Ruiru', 20, 2000, 2002, '2', 'Ended'),
(14, '2024-12-11', '11:21:00', 'Wednesday', 'Pick Up', '3', '3', '2', 'Tika', 'Mangu, Toll, Kimbo', 'Muranga', 20, 2000, 2400, '400', 'Ended'),
(15, '2024-12-11', '14:39:00', 'Wednesday', 'Pick Up', '3', '4', '2', 'Tika', 'Mangu, Toll, Kimbo', 'Muranga', 55, 2000, 3213, '1213', 'Ended'),
(16, '2024-12-11', '15:56:00', 'Wednesday', 'Pick Up', '3', '4', '2', 'Thika', 'Mangu, Toll, Kimbo', 'Ruiru', 20, 2000, 2222, '222', 'Ended');

-- --------------------------------------------------------

--
-- Table structure for table `users`
--

CREATE TABLE `users` (
  `id` int(11) NOT NULL,
  `username` varchar(50) NOT NULL,
  `password` varchar(255) NOT NULL,
  `role` enum('ADMIN','USER') NOT NULL
) ENGINE=InnoDB DEFAULT CHARSET=utf8mb4 COLLATE=utf8mb4_general_ci;

--
-- Dumping data for table `users`
--

INSERT INTO `users` (`id`, `username`, `password`, `role`) VALUES
(3, 'admin', '12345', 'ADMIN'),
(4, 'user', '12345', 'USER');

-- --------------------------------------------------------

--
-- Table structure for table `vehicles`
--

CREATE TABLE `vehicles` (
  `id` int(100) NOT NULL,
  `vehicle_regno` varchar(100) NOT NULL,
  `vehicle_model` varchar(100) NOT NULL,
  `vehicle_type` varchar(100) NOT NULL,
  `engine_number` varchar(100) NOT NULL,
  `capacity` int(255) NOT NULL
) ENGINE=InnoDB DEFAULT CHARSET=utf8mb4 COLLATE=utf8mb4_general_ci;

--
-- Dumping data for table `vehicles`
--

INSERT INTO `vehicles` (`id`, `vehicle_regno`, `vehicle_model`, `vehicle_type`, `engine_number`, `capacity`) VALUES
(1, 'KDF 324J', 'ISUZU', 'SALOON', 'VIN141526', 10),
(2, 'KBF 335H', 'SALOON', 'SALOON', 'N/A', 0),
(3, 'KBD 400Z', 'SALOON', 'SALOON', 'N/A', 30);

-- --------------------------------------------------------

--
-- Table structure for table `walk_trips`
--

CREATE TABLE `walk_trips` (
  `walk_id` int(11) NOT NULL,
  `customer_name` text NOT NULL,
  `walk_trip_date` date NOT NULL,
  `walk_trip_day` varchar(20) NOT NULL,
  `walk_trip_time` time NOT NULL
) ENGINE=InnoDB DEFAULT CHARSET=utf8mb4 COLLATE=utf8mb4_general_ci;

--
-- Dumping data for table `walk_trips`
--

INSERT INTO `walk_trips` (`walk_id`, `customer_name`, `walk_trip_date`, `walk_trip_day`, `walk_trip_time`) VALUES
(1, '', '2024-11-13', 'Wednesday', '10:57:00'),
(2, '', '2024-11-13', 'Wednesday', '10:57:00'),
(3, '', '2024-11-13', 'Wednesday', '10:57:00'),
(4, '', '2024-11-12', 'Tuesday', '11:01:00'),
(5, '', '2024-11-12', 'Tuesday', '11:01:00'),
(6, '', '2024-11-12', 'Tuesday', '11:01:00'),
(7, '', '2024-11-12', 'Tuesday', '11:01:00'),
(8, '', '2024-11-12', 'Tuesday', '11:01:00'),
(9, '', '2024-11-12', 'Tuesday', '11:05:00'),
(10, '', '2024-11-20', 'Wednesday', '11:06:00'),
(11, '', '2024-11-29', 'Friday', '11:11:00'),
(12, '', '2024-11-21', 'Thursday', '11:12:00'),
(13, '', '2024-11-13', 'Wednesday', '13:13:00'),
(14, '', '2024-11-14', 'Thursday', '11:26:00'),
(15, '2024-11-14', '0000-00-00', 'Thursday', '14:47:00'),
(16, '2024-11-18', '0000-00-00', 'Monday', '14:48:00'),
(17, 'Test', '2024-11-18', 'Monday', '14:53:00'),
(18, 'Test', '2024-11-18', 'Monday', '14:56:00'),
(19, 'Test', '2024-11-06', 'Wednesday', '14:56:00'),
(20, 'Test', '2024-11-26', 'Tuesday', '09:38:00');

--
-- Indexes for dumped tables
--

--
-- Indexes for table `bikes`
--
ALTER TABLE `bikes`
  ADD PRIMARY KEY (`id`);

--
-- Indexes for table `co_drivers`
--
ALTER TABLE `co_drivers`
  ADD PRIMARY KEY (`id`);

--
-- Indexes for table `drivers`
--
ALTER TABLE `drivers`
  ADD PRIMARY KEY (`id`),
  ADD UNIQUE KEY `email` (`email`);

--
-- Indexes for table `expenses`
--
ALTER TABLE `expenses`
  ADD PRIMARY KEY (`id`);

--
-- Indexes for table `export_trips`
--
ALTER TABLE `export_trips`
  ADD PRIMARY KEY (`export_id`);

--
-- Indexes for table `fuel`
--
ALTER TABLE `fuel`
  ADD PRIMARY KEY (`id`);

--
-- Indexes for table `garage`
--
ALTER TABLE `garage`
  ADD PRIMARY KEY (`id`);

--
-- Indexes for table `inventorys`
--
ALTER TABLE `inventorys`
  ADD PRIMARY KEY (`id`);

--
-- Indexes for table `load_export`
--
ALTER TABLE `load_export`
  ADD PRIMARY KEY (`id`);

--
-- Indexes for table `load_export_products`
--
ALTER TABLE `load_export_products`
  ADD PRIMARY KEY (`id`);

--
-- Indexes for table `load_transfer`
--
ALTER TABLE `load_transfer`
  ADD PRIMARY KEY (`id`);

--
-- Indexes for table `load_transfer_products`
--
ALTER TABLE `load_transfer_products`
  ADD PRIMARY KEY (`id`);

--
-- Indexes for table `load_trip`
--
ALTER TABLE `load_trip`
  ADD PRIMARY KEY (`id`);

--
-- Indexes for table `load_trip_products`
--
ALTER TABLE `load_trip_products`
  ADD PRIMARY KEY (`id`);

--
-- Indexes for table `load_walk_in`
--
ALTER TABLE `load_walk_in`
  ADD PRIMARY KEY (`id`);

--
-- Indexes for table `load_walk_in_products`
--
ALTER TABLE `load_walk_in_products`
  ADD PRIMARY KEY (`id`);

--
-- Indexes for table `maintenance_schedule`
--
ALTER TABLE `maintenance_schedule`
  ADD PRIMARY KEY (`id`);

--
-- Indexes for table `test`
--
ALTER TABLE `test`
  ADD PRIMARY KEY (`id`);

--
-- Indexes for table `transfers`
--
ALTER TABLE `transfers`
  ADD PRIMARY KEY (`transfer_id`);

--
-- Indexes for table `transfer_fuel`
--
ALTER TABLE `transfer_fuel`
  ADD PRIMARY KEY (`id`);

--
-- Indexes for table `trips`
--
ALTER TABLE `trips`
  ADD PRIMARY KEY (`trip_id`);

--
-- Indexes for table `users`
--
ALTER TABLE `users`
  ADD PRIMARY KEY (`id`);

--
-- Indexes for table `vehicles`
--
ALTER TABLE `vehicles`
  ADD PRIMARY KEY (`id`);

--
-- Indexes for table `walk_trips`
--
ALTER TABLE `walk_trips`
  ADD PRIMARY KEY (`walk_id`);

--
-- AUTO_INCREMENT for dumped tables
--

--
-- AUTO_INCREMENT for table `bikes`
--
ALTER TABLE `bikes`
  MODIFY `id` int(11) NOT NULL AUTO_INCREMENT;

--
-- AUTO_INCREMENT for table `co_drivers`
--
ALTER TABLE `co_drivers`
  MODIFY `id` int(10) UNSIGNED NOT NULL AUTO_INCREMENT, AUTO_INCREMENT=6;

--
-- AUTO_INCREMENT for table `drivers`
--
ALTER TABLE `drivers`
  MODIFY `id` int(10) UNSIGNED NOT NULL AUTO_INCREMENT, AUTO_INCREMENT=5;

--
-- AUTO_INCREMENT for table `expenses`
--
ALTER TABLE `expenses`
  MODIFY `id` int(11) NOT NULL AUTO_INCREMENT, AUTO_INCREMENT=5;

--
-- AUTO_INCREMENT for table `export_trips`
--
ALTER TABLE `export_trips`
  MODIFY `export_id` int(11) NOT NULL AUTO_INCREMENT, AUTO_INCREMENT=5;

--
-- AUTO_INCREMENT for table `fuel`
--
ALTER TABLE `fuel`
  MODIFY `id` int(11) NOT NULL AUTO_INCREMENT, AUTO_INCREMENT=14;

--
-- AUTO_INCREMENT for table `garage`
--
ALTER TABLE `garage`
  MODIFY `id` int(11) NOT NULL AUTO_INCREMENT, AUTO_INCREMENT=15;

--
-- AUTO_INCREMENT for table `inventorys`
--
ALTER TABLE `inventorys`
  MODIFY `id` int(100) NOT NULL AUTO_INCREMENT, AUTO_INCREMENT=15;

--
-- AUTO_INCREMENT for table `load_export`
--
ALTER TABLE `load_export`
  MODIFY `id` int(11) NOT NULL AUTO_INCREMENT, AUTO_INCREMENT=10;

--
-- AUTO_INCREMENT for table `load_export_products`
--
ALTER TABLE `load_export_products`
  MODIFY `id` int(11) NOT NULL AUTO_INCREMENT, AUTO_INCREMENT=11;

--
-- AUTO_INCREMENT for table `load_transfer`
--
ALTER TABLE `load_transfer`
  MODIFY `id` int(11) NOT NULL AUTO_INCREMENT, AUTO_INCREMENT=7;

--
-- AUTO_INCREMENT for table `load_transfer_products`
--
ALTER TABLE `load_transfer_products`
  MODIFY `id` int(11) NOT NULL AUTO_INCREMENT, AUTO_INCREMENT=6;

--
-- AUTO_INCREMENT for table `load_trip`
--
ALTER TABLE `load_trip`
  MODIFY `id` int(100) NOT NULL AUTO_INCREMENT, AUTO_INCREMENT=13;

--
-- AUTO_INCREMENT for table `load_trip_products`
--
ALTER TABLE `load_trip_products`
  MODIFY `id` int(11) NOT NULL AUTO_INCREMENT, AUTO_INCREMENT=663;

--
-- AUTO_INCREMENT for table `load_walk_in`
--
ALTER TABLE `load_walk_in`
  MODIFY `id` int(11) NOT NULL AUTO_INCREMENT, AUTO_INCREMENT=10;

--
-- AUTO_INCREMENT for table `load_walk_in_products`
--
ALTER TABLE `load_walk_in_products`
  MODIFY `id` int(11) NOT NULL AUTO_INCREMENT, AUTO_INCREMENT=10;

--
-- AUTO_INCREMENT for table `maintenance_schedule`
--
ALTER TABLE `maintenance_schedule`
  MODIFY `id` int(11) NOT NULL AUTO_INCREMENT, AUTO_INCREMENT=2;

--
-- AUTO_INCREMENT for table `test`
--
ALTER TABLE `test`
  MODIFY `id` int(11) NOT NULL AUTO_INCREMENT, AUTO_INCREMENT=213;

--
-- AUTO_INCREMENT for table `transfers`
--
ALTER TABLE `transfers`
  MODIFY `transfer_id` int(11) NOT NULL AUTO_INCREMENT, AUTO_INCREMENT=19;

--
-- AUTO_INCREMENT for table `transfer_fuel`
--
ALTER TABLE `transfer_fuel`
  MODIFY `id` int(11) NOT NULL AUTO_INCREMENT, AUTO_INCREMENT=24;

--
-- AUTO_INCREMENT for table `trips`
--
ALTER TABLE `trips`
  MODIFY `trip_id` int(11) NOT NULL AUTO_INCREMENT, AUTO_INCREMENT=17;

--
-- AUTO_INCREMENT for table `users`
--
ALTER TABLE `users`
  MODIFY `id` int(11) NOT NULL AUTO_INCREMENT, AUTO_INCREMENT=5;

--
-- AUTO_INCREMENT for table `vehicles`
--
ALTER TABLE `vehicles`
  MODIFY `id` int(100) NOT NULL AUTO_INCREMENT, AUTO_INCREMENT=4;

--
-- AUTO_INCREMENT for table `walk_trips`
--
ALTER TABLE `walk_trips`
  MODIFY `walk_id` int(11) NOT NULL AUTO_INCREMENT, AUTO_INCREMENT=21;
COMMIT;

/*!40101 SET CHARACTER_SET_CLIENT=@OLD_CHARACTER_SET_CLIENT */;
/*!40101 SET CHARACTER_SET_RESULTS=@OLD_CHARACTER_SET_RESULTS */;
/*!40101 SET COLLATION_CONNECTION=@OLD_COLLATION_CONNECTION */;
